scenario,workflow_yaml,agents_used,num_steps,complexity,is_valid,error_message
"""List the top 10 travel destinations for 2024, then look up each destination's official tourism website to gather information on attractions and accommodations.""","assets:
  travel_destinations_search:
    agent: brave_search
    description: ""Search for the top 10 travel destinations for 2024""
    type: table

  destination_websites:
    type: for_each
    description: ""Fetch each destination's official tourism website to gather information on attractions and accommodations""
    inputs: [travel_destinations_search]
    row_output: website_content
    row_chain:
      assets:
        website_content:
          agent: url
          description: ""Visit the URL from this search result row""
          type: text
          inputs: [__row__]

  final_travel_info:
    agent: answerer
    description: ""Synthesize all fetched content about attractions and accommodations for each destination""
    type: table
    inputs: [destination_websites]","['answerer', 'brave_search']",3,search_then_fetch,True,
"""Search for the top 10 electric vehicle manufacturers, then visit each company's website to gather information on their latest models and specifications.""","assets:
  ev_manufacturer_search:
    agent: brave_search
    description: ""Search for the top 10 electric vehicle manufacturers""
    type: table

  ev_manufacturer_websites:
    type: for_each
    description: ""Visit each manufacturer's website to gather information on their latest models and specifications""
    inputs: [ev_manufacturer_search]
    row_output: website_content
    row_chain:
      assets:
        website_content:
          agent: url
          description: ""Fetch the content from the manufacturer's website""
          type: text
          inputs: [__row__]

  ev_manufacturer_info:
    agent: answerer
    description: ""Synthesize information from all manufacturer websites regarding their latest models and specifications""
    type: table
    inputs: [ev_manufacturer_websites]","['answerer', 'brave_search']",3,search_then_fetch,True,
"""List the top 10 universities for computer science, then visit each university's website to find their faculty members' research interests.""","assets:
  university_search:
    agent: brave_search
    description: ""Search for the top 10 universities for computer science""
    type: table

  university_websites:
    type: for_each
    description: ""Fetch each university's website to find faculty members' research interests""
    inputs: [university_search]
    row_output: website_content
    row_chain:
      assets:
        website_content:
          agent: url
          description: ""Visit the URL from this search result row""
          type: text
          inputs: [__row__]

  faculty_research_interests:
    agent: answerer
    description: ""Synthesize faculty members' research interests from all university websites""
    type: table
    inputs: [university_websites]","['answerer', 'brave_search']",3,search_then_fetch,True,
"""Identify the top 10 renewable energy startups, then check each company's website to gather information on their latest projects and funding rounds.""","assets:
  renewable_energy_startups_search:
    agent: brave_search
    description: ""Search for the top 10 renewable energy startups""
    type: table

  startup_websites:
    type: for_each
    description: ""Fetch each startup's website to gather information on their latest projects and funding rounds""
    inputs: [renewable_energy_startups_search]
    row_output: website_content
    row_chain:
      assets:
        website_content:
          agent: url
          description: ""Visit the URL from this search result row""
          type: text
          inputs: [__row__]

  final_summary:
    agent: answerer
    description: ""Synthesize information from all fetched startup websites""
    type: table
    inputs: [startup_websites]","['answerer', 'brave_search']",3,search_then_fetch,True,
"""Search for the top 10 renewable energy startups in 2023, then visit each startup's website to gather information on their latest projects and funding rounds.""","assets:
  renewable_energy_startup_search:
    agent: brave_search
    description: ""Search for the top 10 renewable energy startups in 2023""
    type: table

  startup_webpages:
    type: for_each
    description: ""Visit each startup's website to gather information on their latest projects and funding rounds""
    inputs: [renewable_energy_startup_search]
    row_output: webpage_content
    row_chain:
      assets:
        webpage_content:
          agent: url
          description: ""Fetch the content of the startup's website from the search result""
          type: text
          inputs: [__row__]

  final_summary:
    agent: answerer
    description: ""Synthesize information from all startup webpages on their latest projects and funding rounds""
    type: table
    inputs: [startup_webpages]","['answerer', 'brave_search']",3,search_then_fetch,True,
"""Search for the top 10 renewable energy startups, then visit each startup's website to gather information about their latest projects and funding rounds.""","assets:
  renewable_energy_startups_search:
    agent: brave_search
    description: ""Search for the top 10 renewable energy startups""
    type: table

  startup_websites:
    type: for_each
    description: ""Visit each startup's website to gather information about their latest projects and funding rounds""
    inputs: [renewable_energy_startups_search]
    row_output: website_content
    row_chain:
      assets:
        website_content:
          agent: url
          description: ""Fetch the content from the startup's website URL""
          type: text
          inputs: [__row__]

  final_startup_information:
    agent: answerer
    description: ""Synthesize information from all fetched startup websites""
    type: table
    inputs: [startup_websites]","['answerer', 'brave_search']",3,search_then_fetch,True,
"""List the top 10 renewable energy startups, then for each startup, fetch their official website to gather information on their latest projects and funding rounds.""","assets:
  renewable_energy_startup_search:
    agent: brave_search
    description: ""Search for the top renewable energy startups""
    type: table

  startup_homepages:
    type: for_each
    description: ""Fetch each startup's official website to gather information""
    inputs: [renewable_energy_startup_search]
    row_output: homepage_content
    row_chain:
      assets:
        homepage_content:
          agent: url
          description: ""Visit the URL from this search result row""
          type: text
          inputs: [__row__]

  final_summary:
    agent: answerer
    description: ""Synthesize the information from all fetched startup homepages""
    type: table
    inputs: [startup_homepages]","['answerer', 'brave_search']",3,search_then_fetch,True,
"""Search for the top 10 sustainable fashion brands, then visit each brand's website to gather information on their eco-friendly practices and latest collections.""","assets:
  sustainable_fashion_search:
    agent: brave_search
    description: ""Search for the top 10 sustainable fashion brands""
    type: table

  brand_websites:
    type: for_each
    description: ""Visit each brand's website to gather information on their eco-friendly practices and latest collections""
    inputs: [sustainable_fashion_search]
    row_output: brand_info
    row_chain:
      assets:
        brand_info:
          agent: url
          description: ""Fetch the content from each sustainable fashion brand's website""
          type: text
          inputs: [__row__]

  eco_friendly_summary:
    agent: answerer
    description: ""Synthesize information about eco-friendly practices and latest collections from all brands""
    type: table
    inputs: [brand_websites]","['answerer', 'brave_search']",3,search_then_fetch,True,
"""Search for the top 10 electric vehicle manufacturers, then visit each manufacturer's website to fetch information about their latest models and specifications.""","assets:
  ev_manufacturer_search:
    agent: brave_search
    description: ""Search for the top 10 electric vehicle manufacturers""
    type: table

  ev_manufacturer_websites:
    type: for_each
    description: ""Fetch each manufacturer's website to read about their latest models and specifications""
    inputs: [ev_manufacturer_search]
    row_output: website_content
    row_chain:
      assets:
        website_content:
          agent: url
          description: ""Visit the URL from this search result row""
          type: text
          inputs: [__row__]

  final_ev_comparison:
    agent: answerer
    description: ""Compare all electric vehicle manufacturers based on their website content""
    type: table
    inputs: [ev_manufacturer_websites]","['answerer', 'brave_search']",3,search_then_fetch,True,
"""Compile a list of the top 10 electric vehicle manufacturers, then visit each company's website to gather their latest electric vehicle models and specifications.""","assets:
  ev_manufacturer_search:
    agent: brave_search
    description: ""Search for the top electric vehicle manufacturers""
    type: table

  ev_manufacturer_websites:
    type: for_each
    description: ""Fetch each manufacturer's website to read their latest electric vehicle models and specifications""
    inputs: [ev_manufacturer_search]
    row_output: website_content
    row_chain:
      assets:
        website_content:
          agent: url
          description: ""Visit the URL from this search result row""
          type: text
          inputs: [__row__]

  ev_models_comparison:
    agent: answerer
    description: ""Compile and compare the latest electric vehicle models and specifications from each manufacturer""
    type: table
    inputs: [ev_manufacturer_websites]","['answerer', 'brave_search']",3,search_then_fetch,True,
"""Identify the top 10 renewable energy companies, then for each company, check their website for the latest sustainability reports.""","assets:
  renewable_energy_companies_search:
    agent: brave_search
    description: ""Search for the top renewable energy companies""
    type: table

  company_websites:
    type: for_each
    description: ""Fetch each company's website to read their latest sustainability reports""
    inputs: [renewable_energy_companies_search]
    row_output: sustainability_report_content
    row_chain:
      assets:
        sustainability_report_content:
          agent: url
          description: ""Visit the URL from this search result row""
          type: text
          inputs: [__row__]

  final_sustainability_reports:
    agent: answerer
    description: ""Compile and synthesise all sustainability report content from the companies""
    type: table
    inputs: [company_websites]","['answerer', 'brave_search']",3,search_then_fetch,True,
"""Identify the top 10 renewable energy startups, then look up each company's website to gather information on their latest projects and funding rounds.""","assets:
  renewable_energy_startups_search:
    agent: brave_search
    description: ""Search for the top 10 renewable energy startups""
    type: table

  startup_websites:
    type: for_each
    description: ""Fetch each startup's website to gather information on their latest projects and funding rounds""
    inputs: [renewable_energy_startups_search]
    row_output: website_content
    row_chain:
      assets:
        website_content:
          agent: url
          description: ""Visit the URL from this search result row""
          type: text
          inputs: [__row__]

  aggregated_startup_info:
    agent: answerer
    description: ""Synthesize all fetched content about the startups""
    type: table
    inputs: [startup_websites]","['answerer', 'brave_search']",3,search_then_fetch,True,
"""Identify the top 10 restaurants in New York City, then visit each restaurant's website to gather their current menu and any special promotions.""","assets:
  restaurant_search:
    agent: brave_search
    description: ""Search for the top 10 restaurants in New York City""
    type: table

  restaurant_websites:
    type: for_each
    description: ""Visit each restaurant's website to gather their current menu and any special promotions""
    inputs: [restaurant_search]
    row_output: website_content
    row_chain:
      assets:
        website_content:
          agent: url
          description: ""Visit the URL from this search result row""
          type: text
          inputs: [__row__]

  final_summary:
    agent: answerer
    description: ""Synthesize all gathered content from restaurant websites""
    type: table
    inputs: [restaurant_websites]","['answerer', 'brave_search']",3,search_then_fetch,True,
"""Search for the top 10 renewable energy startups, then for each startup, check their website and summarize their latest projects and funding information.""","assets:
  renewable_energy_startup_search:
    agent: brave_search
    description: ""Search for the top 10 renewable energy startups""
    type: table

  startup_websites:
    type: for_each
    description: ""Fetch each startup's website to read their latest projects and funding information""
    inputs: [renewable_energy_startup_search]
    row_output: website_content
    row_chain:
      assets:
        website_content:
          agent: url
          description: ""Visit the URL from this search result row""
          type: text
          inputs: [__row__]

  startup_summary:
    agent: answerer
    description: ""Summarize the latest projects and funding information for all startups""
    type: table
    inputs: [startup_websites]","['answerer', 'brave_search']",3,search_then_fetch,True,
"""Identify the top 10 highest-rated restaurants in New York City, then check each restaurant's website for their current menu and special offers.""","assets:
  restaurant_search:
    agent: brave_search
    description: ""Search for the top 10 highest-rated restaurants in New York City""
    type: table

  restaurant_websites:
    type: for_each
    description: ""Fetch each restaurant's website to check for their current menu and special offers""
    inputs: [restaurant_search]
    row_output: website_content
    row_chain:
      assets:
        website_content:
          agent: url
          description: ""Visit the URL from this search result row""
          type: text
          inputs: [__row__]

  final_summary:
    agent: answerer
    description: ""Synthesize the current menus and special offers from all fetched restaurant websites""
    type: table
    inputs: [restaurant_websites]","['answerer', 'brave_search']",3,search_then_fetch,True,
"""Identify the top 10 universities for computer science, then visit each university's website to gather information on their computer science curriculum and faculty.""","assets:
  university_search:
    agent: brave_search
    description: ""Search for the top 10 universities for computer science""
    type: table

  university_homepages:
    type: for_each
    description: ""Fetch each university's homepage to gather information on their computer science curriculum and faculty""
    inputs: [university_search]
    row_output: homepage_content
    row_chain:
      assets:
        homepage_content:
          agent: url
          description: ""Visit the URL from this search result row""
          type: text
          inputs: [__row__]

  final_summary:
    agent: answerer
    description: ""Synthesize information from all university homepages regarding their computer science curriculum and faculty""
    type: table
    inputs: [university_homepages]","['answerer', 'brave_search']",3,search_then_fetch,True,
"""Search for the top 10 summer vacation destinations, then fetch travel guides for each location to summarize the best activities available.""","assets:
  vacation_destinations_search:
    agent: brave_search
    description: ""Search for the top 10 summer vacation destinations""
    type: table

  travel_guide_fetch:
    type: for_each
    description: ""Fetch travel guides for each vacation destination to summarize activities""
    inputs: [vacation_destinations_search]
    row_output: guide_content
    row_chain:
      assets:
        guide_content:
          agent: url
          description: ""Visit the URL from this search result row for travel guides""
          type: text
          inputs: [__row__]

  activity_summary:
    agent: answerer
    description: ""Summarize the best activities available from all travel guides""
    type: table
    inputs: [travel_guide_fetch]","['answerer', 'brave_search']",3,search_then_fetch,True,
"""Find the latest 10 environmental sustainability reports from major corporations, then analyze each report's findings and recommendations.""","assets:
  sustainability_report_search:
    agent: brave_search
    description: ""Search for the latest environmental sustainability reports from major corporations""
    type: table

  sustainability_report_urls:
    type: for_each
    description: ""Fetch each sustainability report's URL to read its findings and recommendations""
    inputs: [sustainability_report_search]
    row_output: report_content
    row_chain:
      assets:
        report_content:
          agent: url
          description: ""Visit the URL from this search result row to read the report""
          type: text
          inputs: [__row__]

  final_analysis:
    agent: answerer
    description: ""Analyze the findings and recommendations from all sustainability reports""
    type: table
    inputs: [sustainability_report_urls]","['answerer', 'brave_search']",3,search_then_fetch,True,
"""List the top 10 electric vehicle manufacturers, then visit each manufacturer's website to gather their latest vehicle models and specifications.""","assets:
  ev_manufacturer_search:
    agent: brave_search
    description: ""Search for the top electric vehicle manufacturers""
    type: table

  ev_manufacturer_websites:
    type: for_each
    description: ""Fetch each manufacturer's website to gather their latest vehicle models and specifications""
    inputs: [ev_manufacturer_search]
    row_output: website_content
    row_chain:
      assets:
        website_content:
          agent: url
          description: ""Visit the URL from this search result row""
          type: text
          inputs: [__row__]

  final_vehicle_models:
    agent: answerer
    description: ""Synthesize the latest vehicle models and specifications from all manufacturers' websites""
    type: table
    inputs: [ev_manufacturer_websites]","['answerer', 'brave_search']",3,search_then_fetch,True,
"""Identify the top 10 trending cryptocurrencies, then visit each coin's official website to gather information about their latest updates and market insights.""","assets:
  cryptocurrency_search:
    agent: brave_search
    description: ""Search for the top trending cryptocurrencies""
    type: table

  cryptocurrency_websites:
    type: for_each
    description: ""Visit each cryptocurrency's official website to gather the latest updates""
    inputs: [cryptocurrency_search]
    row_output: website_content
    row_chain:
      assets:
        website_content:
          agent: url
          description: ""Visit the URL from this search result row""
          type: text
          inputs: [__row__]

  final_insights:
    agent: answerer
    description: ""Synthesize the latest updates and market insights from all cryptocurrency websites""
    type: table
    inputs: [cryptocurrency_websites]","['answerer', 'brave_search']",3,search_then_fetch,True,
"""Identify the top 10 renewable energy startups, then visit each company's website to gather information on their latest projects and funding rounds.""","assets:
  renewable_energy_startups_search:
    agent: brave_search
    description: ""Search for the top renewable energy startups""
    type: table

  startup_webpages:
    type: for_each
    description: ""Fetch each startup's website to gather information on their latest projects and funding rounds""
    inputs: [renewable_energy_startups_search]
    row_output: webpage_content
    row_chain:
      assets:
        webpage_content:
          agent: url
          description: ""Visit the URL from this search result row""
          type: text
          inputs: [__row__]

  final_summary:
    agent: answerer
    description: ""Synthesize all collected information on renewable energy startups""
    type: table
    inputs: [startup_webpages]","['answerer', 'brave_search']",3,search_then_fetch,True,
"""List the top 10 electric vehicle manufacturers, then for each manufacturer, check their official website for the latest model releases and specifications.""","assets:
  ev_manufacturers_search:
    agent: brave_search
    description: ""Search for the top electric vehicle manufacturers""
    type: table

  ev_manufacturer_websites:
    type: for_each
    description: ""Fetch each manufacturer's official website to read the latest model releases and specifications""
    inputs: [ev_manufacturers_search]
    row_output: website_content
    row_chain:
      assets:
        website_content:
          agent: url
          description: ""Visit the URL from this search result row""
          type: text
          inputs: [__row__]

  final_ev_summary:
    agent: answerer
    description: ""Synthesize information from all manufacturers' websites about latest models and specifications""
    type: table
    inputs: [ev_manufacturer_websites]","['answerer', 'brave_search']",3,search_then_fetch,True,
"""List the top 10 electric vehicle manufacturers in 2023, then for each manufacturer, check their official website for the latest model releases and specifications.""","assets:
  ev_manufacturer_search:
    agent: brave_search
    description: ""Search for the top electric vehicle manufacturers in 2023""
    type: table

  ev_manufacturer_websites:
    type: for_each
    description: ""Fetch each manufacturer's official website to check latest model releases and specifications""
    inputs: [ev_manufacturer_search]
    row_output: website_content
    row_chain:
      assets:
        website_content:
          agent: url
          description: ""Visit the URL from this search result row to read the latest model releases""
          type: text
          inputs: [__row__]

  final_ev_report:
    agent: answerer
    description: ""Synthesize the information from all manufacturer websites about their latest model releases""
    type: table
    inputs: [ev_manufacturer_websites]","['answerer', 'brave_search']",3,search_then_fetch,True,
"""Search for the top 10 universities for computer science, then visit each university's website to gather information on their latest research projects.""","assets:
  university_search:
    agent: brave_search
    description: ""Search for the top 10 universities for computer science""
    type: table

  university_websites:
    type: for_each
    description: ""Fetch each university's website to gather information on their latest research projects""
    inputs: [university_search]
    row_output: research_info
    row_chain:
      assets:
        research_info:
          agent: url
          description: ""Visit the URL from this search result row""
          type: text
          inputs: [__row__]

  final_research_summary:
    agent: answerer
    description: ""Synthesize information from all university websites about their latest research projects""
    type: table
    inputs: [university_websites]","['answerer', 'brave_search']",3,search_then_fetch,True,
"""Search for the top 10 sustainable fashion brands, then visit each brand's website to gather information on their eco-friendly practices and product offerings.""","assets:
  sustainable_fashion_search:
    agent: brave_search
    description: ""Search for the top 10 sustainable fashion brands""
    type: table

  brand_websites:
    type: for_each
    description: ""Visit each brand's website to gather information on their eco-friendly practices and product offerings""
    inputs: [sustainable_fashion_search]
    row_output: website_content
    row_chain:
      assets:
        website_content:
          agent: url
          description: ""Visit the URL from this search result row""
          type: text
          inputs: [__row__]

  eco_friendly_practices_summary:
    agent: answerer
    description: ""Synthesize all fetched content about eco-friendly practices and product offerings""
    type: table
    inputs: [brand_websites]","['answerer', 'brave_search']",3,search_then_fetch,True,
"""Search for the top 10 most influential climate change organizations, then visit each organization's website to gather information about their current initiatives and projects.""","assets:
  climate_change_orgs_search:
    agent: brave_search
    description: ""Search for the top 10 most influential climate change organizations""
    type: table

  climate_change_orgs_websites:
    type: for_each
    description: ""Visit each organization's website to gather information about their current initiatives and projects""
    inputs: [climate_change_orgs_search]
    row_output: organization_content
    row_chain:
      assets:
        organization_content:
          agent: url
          description: ""Visit the URL from this search result row""
          type: text
          inputs: [__row__]

  initiatives_summary:
    agent: answerer
    description: ""Synthesize the information about current initiatives and projects from all organizations""
    type: table
    inputs: [climate_change_orgs_websites]","['answerer', 'brave_search']",3,search_then_fetch,True,
"""Find the top 10 renewable energy startups, then check each company's website for their most recent funding rounds and press releases.""","assets:
  renewable_energy_startups_search:
    agent: brave_search
    description: ""Search for the top 10 renewable energy startups""
    type: table

  startup_homepages:
    type: for_each
    description: ""Fetch each startup's homepage to read their most recent funding rounds and press releases""
    inputs: [renewable_energy_startups_search]
    row_output: homepage_content
    row_chain:
      assets:
        homepage_content:
          agent: url
          description: ""Visit the URL from this search result row""
          type: text
          inputs: [__row__]

  final_summary:
    agent: answerer
    description: ""Synthesize the information from all startup homepages regarding funding rounds and press releases""
    type: table
    inputs: [startup_homepages]","['answerer', 'brave_search']",3,search_then_fetch,True,
"""Search for the top-rated restaurants in New York City, then visit each restaurant's website to check their current menus and hours of operation.""","assets:
  restaurant_search:
    agent: brave_search
    description: ""Search for the top-rated restaurants in New York City""
    type: table

  restaurant_websites:
    type: for_each
    description: ""Visit each restaurant's website to check their current menus and hours of operation""
    inputs: [restaurant_search]
    row_output: website_content
    row_chain:
      assets:
        website_content:
          agent: url
          description: ""Fetch the content of the restaurant's website""
          type: text
          inputs: [__row__]

  final_summary:
    agent: answerer
    description: ""Synthesize the website content to summarize menus and hours of operation for each restaurant""
    type: table
    inputs: [restaurant_websites]","['answerer', 'brave_search']",3,search_then_fetch,True,
"""List the top 10 emerging startups in sustainable fashion, then for each startup, visit their website and summarize their latest product offerings.""","assets:
  startup_search:
    agent: brave_search
    description: ""Search for the top 10 emerging startups in sustainable fashion""
    type: table

  startup_homepages:
    type: for_each
    description: ""Fetch each startup's homepage to read their latest product offerings""
    inputs: [startup_search]
    row_output: homepage_content
    row_chain:
      assets:
        homepage_content:
          agent: url
          description: ""Visit the URL from this search result row""
          type: text
          inputs: [__row__]

  final_summary:
    agent: answerer
    description: ""Summarize the latest product offerings from each startup""
    type: table
    inputs: [startup_homepages]","['answerer', 'brave_search']",3,search_then_fetch,True,
"""Retrieve the top 10 electric vehicle manufacturers, then for each manufacturer, search for their latest vehicle model and features.""","assets:
  ev_manufacturer_search:
    agent: brave_search
    description: ""Search for the top 10 electric vehicle manufacturers""
    type: table

  ev_model_fetch:
    type: for_each
    description: ""Fetch the latest vehicle model and features for each manufacturer""
    inputs: [ev_manufacturer_search]
    row_output: model_features_content
    row_chain:
      assets:
        model_features_content:
          agent: url
          description: ""Visit the URL from this search result row to read about the latest vehicle model and features""
          type: text
          inputs: [__row__]

  final_ev_comparison:
    agent: answerer
    description: ""Synthesize the latest vehicle models and features from all manufacturers""
    type: table
    inputs: [ev_model_fetch]","['answerer', 'brave_search']",3,search_then_fetch,True,
"""List the top 10 renewable energy startups, then visit each startup's website to gather information on their latest projects and innovations.""","assets:
  renewable_energy_startup_search:
    agent: brave_search
    description: ""Search for the top renewable energy startups""
    type: table

  startup_websites:
    type: for_each
    description: ""Visit each startup's website to gather information on their latest projects and innovations""
    inputs: [renewable_energy_startup_search]
    row_output: website_content
    row_chain:
      assets:
        website_content:
          agent: url
          description: ""Fetch the content from the startup's website found in the search result""
          type: text
          inputs: [__row__]

  final_insights:
    agent: answerer
    description: ""Synthesize information from all fetched startup websites""
    type: table
    inputs: [startup_websites]","['answerer', 'brave_search']",3,search_then_fetch,True,
"""Compile a list of the top 10 sustainable fashion brands, then visit each brand's website to gather information about their latest eco-friendly initiatives.""","assets:
  sustainable_fashion_search:
    agent: brave_search
    description: ""Search for the top 10 sustainable fashion brands""
    type: table

  brand_websites:
    type: for_each
    description: ""Visit each brand's website to gather information about their latest eco-friendly initiatives""
    inputs: [sustainable_fashion_search]
    row_output: website_content
    row_chain:
      assets:
        website_content:
          agent: url
          description: ""Visit the URL from this search result row""
          type: text
          inputs: [__row__]

  eco_initiatives_summary:
    agent: answerer
    description: ""Compile the latest eco-friendly initiatives from all brands""
    type: table
    inputs: [brand_websites]","['answerer', 'brave_search']",3,search_then_fetch,True,
"""Retrieve the top 10 renewable energy startups, then visit each company's website to gather information on their latest projects and partnerships.""","assets:
  renewable_energy_startups_search:
    agent: brave_search
    description: ""Search for the top 10 renewable energy startups""
    type: table

  startup_websites:
    type: for_each
    description: ""Visit each startup's website to gather information on their latest projects and partnerships""
    inputs: [renewable_energy_startups_search]
    row_output: website_content
    row_chain:
      assets:
        website_content:
          agent: url
          description: ""Visit the URL from this search result row""
          type: text
          inputs: [__row__]

  final_information_synthesis:
    agent: answerer
    description: ""Synthesize all gathered information on the startups' latest projects and partnerships""
    type: table
    inputs: [startup_websites]","['answerer', 'brave_search']",3,search_then_fetch,True,
"""Identify the top 10 cryptocurrency exchanges, then visit each exchange's website to gather their current trading fees and supported currencies.""","assets:
  exchange_search:
    agent: brave_search
    description: ""Search for the top cryptocurrency exchanges""
    type: table

  exchange_homepages:
    type: for_each
    description: ""Fetch each exchange's homepage to gather current trading fees and supported currencies""
    inputs: [exchange_search]
    row_output: homepage_content
    row_chain:
      assets:
        homepage_content:
          agent: url
          description: ""Visit the URL from this search result row""
          type: text
          inputs: [__row__]

  final_summary:
    agent: answerer
    description: ""Compile the current trading fees and supported currencies from all exchanges""
    type: table
    inputs: [exchange_homepages]","['answerer', 'brave_search']",3,search_then_fetch,True,
"""Identify the top 10 competitors in the renewable energy sector, then analyze each company's website for their latest sustainability reports.""","assets:
  renewable_energy_competitors_search:
    agent: brave_search
    description: ""Search for the top competitors in the renewable energy sector""
    type: table

  competitor_websites:
    type: for_each
    description: ""Fetch each competitor's website to analyze their latest sustainability reports""
    inputs: [renewable_energy_competitors_search]
    row_output: sustainability_report_content
    row_chain:
      assets:
        sustainability_report_content:
          agent: url
          description: ""Visit the URL from this search result row to read the sustainability report""
          type: text
          inputs: [__row__]

  sustainability_reports_analysis:
    agent: answerer
    description: ""Analyze all competitors' sustainability reports gathered from their websites""
    type: table
    inputs: [competitor_websites]","['answerer', 'brave_search']",3,search_then_fetch,True,
"""Search for the top 10 renewable energy startups, then access each company's website to retrieve their latest funding announcements.""","assets:
  renewable_energy_startup_search:
    agent: brave_search
    description: ""Search for the top 10 renewable energy startups""
    type: table

  startup_homepages:
    type: for_each
    description: ""Fetch each startup's homepage to read their latest funding announcements""
    inputs: [renewable_energy_startup_search]
    row_output: funding_announcement_content
    row_chain:
      assets:
        funding_announcement_content:
          agent: url
          description: ""Visit the URL from this search result row""
          type: text
          inputs: [__row__]

  final_funding_summary:
    agent: answerer
    description: ""Synthesize all funding announcements from the startups""
    type: table
    inputs: [startup_homepages]","['answerer', 'brave_search']",3,search_then_fetch,True,
"""Find the top 10 sustainable fashion brands, then visit each brand's website to gather information on their latest eco-friendly initiatives.""","assets:
  sustainable_fashion_search:
    agent: brave_search
    description: ""Search for the top 10 sustainable fashion brands""
    type: table

  brand_websites:
    type: for_each
    description: ""Visit each brand's website to gather information on their latest eco-friendly initiatives""
    inputs: [sustainable_fashion_search]
    row_output: website_content
    row_chain:
      assets:
        website_content:
          agent: url
          description: ""Visit the URL from this search result row""
          type: text
          inputs: [__row__]

  eco_initiatives_summary:
    agent: answerer
    description: ""Summarize all gathered information on eco-friendly initiatives from the brands""
    type: table
    inputs: [brand_websites]","['answerer', 'brave_search']",3,search_then_fetch,True,
"""List the top 10 renewable energy startups, then review each company's website to compile their latest funding information and project updates.""","assets:
  renewable_energy_startup_search:
    agent: brave_search
    description: ""Search for the top 10 renewable energy startups""
    type: table

  startup_homepages:
    type: for_each
    description: ""Fetch each startup's homepage to read their latest funding information and project updates""
    inputs: [renewable_energy_startup_search]
    row_output: homepage_content
    row_chain:
      assets:
        homepage_content:
          agent: url
          description: ""Visit the URL from this search result row""
          type: text
          inputs: [__row__]

  funding_and_updates_summary:
    agent: answerer
    description: ""Compile the latest funding information and project updates from all startups' homepages""
    type: table
    inputs: [startup_homepages]","['answerer', 'brave_search']",3,search_then_fetch,True,
"""Identify the top 10 electric vehicle manufacturers, then visit each company's website to gather information on their latest models and specifications.""","assets:
  ev_manufacturer_search:
    agent: brave_search
    description: ""Search for the top electric vehicle manufacturers""
    type: table

  ev_manufacturer_websites:
    type: for_each
    description: ""Visit each manufacturer's website to gather information on their latest models and specifications""
    inputs: [ev_manufacturer_search]
    row_output: website_content
    row_chain:
      assets:
        website_content:
          agent: url
          description: ""Fetch the content from the manufacturer's website""
          type: text
          inputs: [__row__]

  ev_manufacturer_info:
    agent: answerer
    description: ""Synthesize the gathered information on the latest models and specifications from all manufacturers""
    type: table
    inputs: [ev_manufacturer_websites]","['answerer', 'brave_search']",3,search_then_fetch,True,
"""Search for the top 10 healthiest fruits, then for each fruit, find and summarize the nutritional benefits from trusted health websites.""","assets:
  fruit_health_search:
    agent: brave_search
    description: ""Search for the top 10 healthiest fruits""
    type: table

  fruit_nutrition_pages:
    type: for_each
    description: ""Fetch the nutritional benefits for each healthy fruit from trusted health websites""
    inputs: [fruit_health_search]
    row_output: nutrition_content
    row_chain:
      assets:
        nutrition_content:
          agent: url
          description: ""Visit the URL from this search result row to read nutritional benefits""
          type: text
          inputs: [__row__]

  final_nutrition_summary:
    agent: answerer
    description: ""Summarize the nutritional benefits of the top 10 healthiest fruits""
    type: table
    inputs: [fruit_nutrition_pages]","['answerer', 'brave_search']",3,search_then_fetch,True,
"""Compile a list of the top 10 trending movies this month, then check each movie's official website for the latest trailers and promotional materials.""","assets:
  trending_movies_search:
    agent: brave_search
    description: ""Search for the top 10 trending movies this month""
    type: table

  movie_websites:
    type: for_each
    description: ""Fetch each movie's official website to check for trailers and promotional materials""
    inputs: [trending_movies_search]
    row_output: website_content
    row_chain:
      assets:
        website_content:
          agent: url
          description: ""Visit the URL from this search result row""
          type: text
          inputs: [__row__]

  final_trailer_summary:
    agent: answerer
    description: ""Compile the trailers and promotional materials from all movie websites""
    type: table
    inputs: [movie_websites]","['answerer', 'brave_search']",3,search_then_fetch,True,
"""Search for the best-rated restaurants in New York City, then visit each restaurant's website to check their current menus and hours of operation.""","assets:
  restaurant_search:
    agent: brave_search
    description: ""Search for the best-rated restaurants in New York City""
    type: table

  restaurant_websites:
    type: for_each
    description: ""Visit each restaurant's website to check their current menus and hours of operation""
    inputs: [restaurant_search]
    row_output: website_content
    row_chain:
      assets:
        website_content:
          agent: url
          description: ""Fetch the content from the restaurant's website""
          type: text
          inputs: [__row__]

  final_summary:
    agent: answerer
    description: ""Compile the details of the menus and hours of operation from all restaurant websites""
    type: table
    inputs: [restaurant_websites]","['answerer', 'brave_search']",3,search_then_fetch,True,
"""Identify the top 10 sustainable fashion brands, then check each brand's website to gather details about their eco-friendly practices and latest collections.""","assets:
  sustainable_fashion_brands_search:
    agent: brave_search
    description: ""Search for the top sustainable fashion brands""
    type: table

  brand_websites:
    type: for_each
    description: ""Fetch each brand's website to gather details about their eco-friendly practices and latest collections""
    inputs: [sustainable_fashion_brands_search]
    row_output: website_content
    row_chain:
      assets:
        website_content:
          agent: url
          description: ""Visit the URL from this search result row""
          type: text
          inputs: [__row__]

  final_synthesis:
    agent: answerer
    description: ""Synthesize details from all fetched brand websites about their eco-friendly practices and latest collections""
    type: table
    inputs: [brand_websites]","['answerer', 'brave_search']",3,search_then_fetch,True,
"""Find the top 10 online courses for data science, then visit each course provider's website to collect information about their curriculum and pricing.""","assets:
  data_science_courses_search:
    agent: brave_search
    description: ""Search for the top 10 online courses for data science""
    type: table

  course_homepages:
    type: for_each
    description: ""Visit each course provider's website to collect information about their curriculum and pricing""
    inputs: [data_science_courses_search]
    row_output: homepage_content
    row_chain:
      assets:
        homepage_content:
          agent: url
          description: ""Fetch the content from the course provider's URL""
          type: text
          inputs: [__row__]

  course_information_summary:
    agent: answerer
    description: ""Synthesize the curriculum and pricing information from all course homepages""
    type: table
    inputs: [course_homepages]","['answerer', 'brave_search']",3,search_then_fetch,True,
"""Search for the top 10 universities in environmental science, then visit each university's website to gather information about their research centers and current projects.""","assets:
  university_search:
    agent: brave_search
    description: ""Search for the top 10 universities in environmental science""
    type: table

  university_websites:
    type: for_each
    description: ""Visit each university's website to gather information about their research centers and current projects""
    inputs: [university_search]
    row_output: website_content
    row_chain:
      assets:
        website_content:
          agent: url
          description: ""Visit the URL from this search result row""
          type: text
          inputs: [__row__]

  research_information:
    agent: answerer
    description: ""Synthesize the information from all university websites about their research centers and current projects""
    type: table
    inputs: [university_websites]","['answerer', 'brave_search']",3,search_then_fetch,True,
"""Search for the best-rated restaurants in New York City, then visit each restaurant's website to check their menus and latest reviews.""","assets:
  restaurant_search:
    agent: brave_search
    description: ""Search for the best-rated restaurants in New York City""
    type: table

  restaurant_websites:
    type: for_each
    description: ""Visit each restaurant's website to check their menus and latest reviews""
    inputs: [restaurant_search]
    row_output: website_content
    row_chain:
      assets:
        website_content:
          agent: url
          description: ""Fetch the content of the restaurant's website from the search result""
          type: text
          inputs: [__row__]

  final_reviews:
    agent: answerer
    description: ""Synthesize all fetched content from restaurant websites to summarize their menus and reviews""
    type: table
    inputs: [restaurant_websites]","['answerer', 'brave_search']",3,search_then_fetch,True,
"""Search for the top 10 healthiest superfoods, then visit each superfood's website to gather detailed nutritional information and recipes.""","assets:
  superfood_search:
    agent: brave_search
    description: ""Search for the top 10 healthiest superfoods""
    type: table

  superfood_websites:
    type: for_each
    description: ""Visit each superfood's website to gather detailed nutritional information and recipes""
    inputs: [superfood_search]
    row_output: website_content
    row_chain:
      assets:
        website_content:
          agent: url
          description: ""Visit the URL from this search result row""
          type: text
          inputs: [__row__]

  final_nutritional_information:
    agent: answerer
    description: ""Synthesize all fetched content about the superfoods""
    type: table
    inputs: [superfood_websites]","['answerer', 'brave_search']",3,search_then_fetch,True,
"""Identify the top 10 renewable energy companies in the US, then for each company, check their websites for recent sustainability reports.""","assets:
  renewable_energy_companies_search:
    agent: brave_search
    description: ""Search for the top 10 renewable energy companies in the US""
    type: table

  company_websites:
    type: for_each
    description: ""Fetch each company's website to check for recent sustainability reports""
    inputs: [renewable_energy_companies_search]
    row_output: sustainability_report_content
    row_chain:
      assets:
        sustainability_report_content:
          agent: url
          description: ""Visit the URL from this search result row to find sustainability reports""
          type: text
          inputs: [__row__]

  sustainability_reports_summary:
    agent: answerer
    description: ""Synthesize the findings from all company websites regarding sustainability reports""
    type: table
    inputs: [company_websites]","['answerer', 'brave_search']",3,search_then_fetch,True,
"""Search for the latest advancements in renewable energy technologies, then for each technology listed, fetch detailed articles to summarize their benefits and challenges.""","assets:
  renewable_energy_search:
    agent: brave_search
    description: ""Search for the latest advancements in renewable energy technologies""
    type: table

  technology_articles:
    type: for_each
    description: ""Fetch detailed articles for each renewable energy technology found""
    inputs: [renewable_energy_search]
    row_output: article_content
    row_chain:
      assets:
        article_content:
          agent: url
          description: ""Visit the URL from this search result row to read the article""
          type: text
          inputs: [__row__]

  renewable_energy_summary:
    agent: answerer
    description: ""Summarize the benefits and challenges of each renewable energy technology""
    type: table
    inputs: [technology_articles]","['answerer', 'brave_search']",3,search_then_fetch,True,
"""Search for the top 10 electric vehicle manufacturers, then visit each manufacturer's website to review their latest models and specifications.""","assets:
  ev_manufacturer_search:
    agent: brave_search
    description: ""Search for the top 10 electric vehicle manufacturers""
    type: table

  ev_manufacturer_websites:
    type: for_each
    description: ""Fetch each manufacturer's website to review their latest models and specifications""
    inputs: [ev_manufacturer_search]
    row_output: website_content
    row_chain:
      assets:
        website_content:
          agent: url
          description: ""Visit the URL from this search result row""
          type: text
          inputs: [__row__]

  ev_manufacturer_summary:
    agent: answerer
    description: ""Synthesize the latest models and specifications from all manufacturers' websites""
    type: table
    inputs: [ev_manufacturer_websites]","['answerer', 'brave_search']",3,search_then_fetch,True,
"""Search for the best-rated restaurants in New York City, then visit each restaurant's website to check their current menu and hours of operation.""","assets:
  restaurant_search:
    agent: brave_search
    description: ""Search for the best-rated restaurants in New York City""
    type: table

  restaurant_websites:
    type: for_each
    description: ""Visit each restaurant's website to check their current menu and hours of operation""
    inputs: [restaurant_search]
    row_output: website_content
    row_chain:
      assets:
        website_content:
          agent: url
          description: ""Fetch the content from the restaurant's website""
          type: text
          inputs: [__row__]

  final_restaurant_info:
    agent: answerer
    description: ""Synthesize information from all restaurant websites to summarize menus and hours""
    type: table
    inputs: [restaurant_websites]","['answerer', 'brave_search']",3,search_then_fetch,True,
"""Identify the top 10 emerging fintech startups, then check each startup's website to gather information on their latest funding rounds and key team members.""","assets:
  fintech_startup_search:
    agent: brave_search
    description: ""Search for the top 10 emerging fintech startups""
    type: table

  startup_websites:
    type: for_each
    description: ""Fetch each startup's website to gather information on their latest funding rounds and key team members""
    inputs: [fintech_startup_search]
    row_output: website_content
    row_chain:
      assets:
        website_content:
          agent: url
          description: ""Visit the URL from this search result row""
          type: text
          inputs: [__row__]

  final_funding_and_team_info:
    agent: answerer
    description: ""Synthesize all fetched content about funding rounds and key team members""
    type: table
    inputs: [startup_websites]","['answerer', 'brave_search']",3,search_then_fetch,True,
"""List the top 10 trending recipes on food blogs this week, then check each blog for user reviews and ratings of those recipes.""","assets:
  recipes_search:
    agent: brave_search
    description: ""Search for the top 10 trending recipes on food blogs this week""
    type: table

  recipes_blog_reviews:
    type: for_each
    description: ""Fetch user reviews and ratings for each recipe from the blog""
    inputs: [recipes_search]
    row_output: review_content
    row_chain:
      assets:
        review_content:
          agent: url
          description: ""Visit the URL from this search result row to read user reviews and ratings""
          type: text
          inputs: [__row__]

  final_recipe_analysis:
    agent: answerer
    description: ""Synthesize the user reviews and ratings for all trending recipes""
    type: table
    inputs: [recipes_blog_reviews]","['answerer', 'brave_search']",3,search_then_fetch,True,
"""Identify the top 10 sustainable fashion brands, then visit each brand's website and summarize their environmental initiatives.""","assets:
  sustainable_fashion_search:
    agent: brave_search
    description: ""Search for the top 10 sustainable fashion brands""
    type: table

  sustainable_fashion_homepages:
    type: for_each
    description: ""Visit each brand's website to summarize their environmental initiatives""
    inputs: [sustainable_fashion_search]
    row_output: homepage_content
    row_chain:
      assets:
        homepage_content:
          agent: url
          description: ""Fetch and read the content of the brand's website from this search result row""
          type: text
          inputs: [__row__]

  environmental_initiatives_summary:
    agent: answerer
    description: ""Summarize the environmental initiatives of the top sustainable fashion brands""
    type: table
    inputs: [sustainable_fashion_homepages]","['answerer', 'brave_search']",3,search_then_fetch,True,
"""Look up the top 10 largest cities in the world by population, then for each city, fetch its official website and summarize its main attractions.""","assets:
  city_population_search:
    agent: brave_search
    description: ""Search for the top 10 largest cities in the world by population""
    type: table

  city_websites:
    type: for_each
    description: ""Fetch each city's official website to read about its main attractions""
    inputs: [city_population_search]
    row_output: website_content
    row_chain:
      assets:
        website_content:
          agent: url
          description: ""Visit the URL from this search result row""
          type: text
          inputs: [__row__]

  city_attractions_summary:
    agent: answerer
    description: ""Summarize the main attractions for each city based on the website content""
    type: table
    inputs: [city_websites]","['answerer', 'brave_search']",3,search_then_fetch,True,
"""Search for the best-reviewed restaurants in New York City, then visit each restaurant's website to check their current menus and specialties.""","assets:
  restaurant_search:
    agent: brave_search
    description: ""Search for the best-reviewed restaurants in New York City""
    type: table

  restaurant_websites:
    type: for_each
    description: ""Visit each restaurant's website to check their current menus and specialties""
    inputs: [restaurant_search]
    row_output: website_content
    row_chain:
      assets:
        website_content:
          agent: url
          description: ""Fetch the content of the restaurant's website from the search result""
          type: text
          inputs: [__row__]

  final_menu_analysis:
    agent: answerer
    description: ""Synthesize the menus and specialties from all restaurant websites""
    type: table
    inputs: [restaurant_websites]","['answerer', 'brave_search']",3,search_then_fetch,True,
"""Search for the top 10 global renewable energy companies, then visit each company's website to gather information about their latest projects and initiatives.""","assets:
  renewable_energy_company_search:
    agent: brave_search
    description: ""Search for the top 10 global renewable energy companies""
    type: table

  company_webpages:
    type: for_each
    description: ""Visit each company's website to gather information about their latest projects and initiatives""
    inputs: [renewable_energy_company_search]
    row_output: project_initiatives_content
    row_chain:
      assets:
        project_initiatives_content:
          agent: url
          description: ""Fetch the content from the company's website""
          type: text
          inputs: [__row__]

  final_summary:
    agent: answerer
    description: ""Synthesize information about the latest projects and initiatives from all companies""
    type: table
    inputs: [company_webpages]","['answerer', 'brave_search']",3,search_then_fetch,True,
"""Retrieve a list of the top 10 renewable energy companies, then for each company, check their official website for recent sustainability initiatives and reports.""","assets:
  renewable_energy_search:
    agent: brave_search
    description: ""Search for the top renewable energy companies""
    type: table

  company_websites:
    type: for_each
    description: ""Fetch each company's official website to check for sustainability initiatives and reports""
    inputs: [renewable_energy_search]
    row_output: website_content
    row_chain:
      assets:
        website_content:
          agent: url
          description: ""Visit the URL from this search result row""
          type: text
          inputs: [__row__]

  sustainability_reports:
    agent: answerer
    description: ""Synthesize the sustainability initiatives and reports from all company websites""
    type: table
    inputs: [company_websites]","['answerer', 'brave_search']",3,search_then_fetch,True,
"""Identify the top 10 e-commerce websites for home goods, then check each site for their customer reviews and ratings.""","assets:
  ecommerce_search:
    agent: brave_search
    description: ""Search for the top e-commerce websites for home goods""
    type: table

  ecommerce_reviews:
    type: for_each
    description: ""Fetch customer reviews and ratings from each e-commerce website""
    inputs: [ecommerce_search]
    row_output: review_content
    row_chain:
      assets:
        review_content:
          agent: url
          description: ""Visit the URL from this search result row to fetch reviews""
          type: text
          inputs: [__row__]

  final_reviews_summary:
    agent: answerer
    description: ""Synthesize all customer reviews and ratings from the e-commerce websites""
    type: table
    inputs: [ecommerce_reviews]","['answerer', 'brave_search']",3,search_then_fetch,True,
"""Search for the top 10 renewable energy startups, then go to each startup's website to gather information on their latest projects and funding rounds.""","assets:
  renewable_energy_startup_search:
    agent: brave_search
    description: ""Search for the top 10 renewable energy startups""
    type: table

  startup_websites:
    type: for_each
    description: ""Fetch each startup's website to gather information on their latest projects and funding rounds""
    inputs: [renewable_energy_startup_search]
    row_output: website_content
    row_chain:
      assets:
        website_content:
          agent: url
          description: ""Visit the URL from this search result row""
          type: text
          inputs: [__row__]

  final_summary:
    agent: answerer
    description: ""Synthesize all gathered information on the startups' latest projects and funding rounds""
    type: table
    inputs: [startup_websites]","['answerer', 'brave_search']",3,search_then_fetch,True,
"""Search for the top 10 electric vehicle manufacturers, then visit each company's website to gather information on their latest models and pricing.""","assets:
  ev_manufacturer_search:
    agent: brave_search
    description: ""Search for the top 10 electric vehicle manufacturers""
    type: table

  ev_manufacturer_websites:
    type: for_each
    description: ""Visit each manufacturer's website to gather information on their latest models and pricing""
    inputs: [ev_manufacturer_search]
    row_output: website_content
    row_chain:
      assets:
        website_content:
          agent: url
          description: ""Visit the URL from this search result row""
          type: text
          inputs: [__row__]

  ev_manufacturer_summary:
    agent: answerer
    description: ""Synthesize information from all manufacturer websites regarding latest models and pricing""
    type: table
    inputs: [ev_manufacturer_websites]","['answerer', 'brave_search']",3,search_then_fetch,True,
"""Compile a list of the top 10 bestselling novels of the year, then visit each book's official website to summarize the author's bio and notable reviews.""","assets:
  bestselling_novels_search:
    agent: brave_search
    description: ""Search for the top 10 bestselling novels of the year""
    type: table

  novel_websites:
    type: for_each
    description: ""Visit each novel's official website to summarize the author's bio and notable reviews""
    inputs: [bestselling_novels_search]
    row_output: website_content
    row_chain:
      assets:
        website_content:
          agent: url
          description: ""Visit the URL from this search result row""
          type: text
          inputs: [__row__]

  author_bio_reviews_summary:
    agent: answerer
    description: ""Summarize the author's bio and notable reviews from all fetched websites""
    type: table
    inputs: [novel_websites]","['answerer', 'brave_search']",3,search_then_fetch,True,
"""Search for the top 10 sustainable fashion brands, then visit each brand's website to gather information about their latest eco-friendly collections.""","assets:
  sustainable_fashion_search:
    agent: brave_search
    description: ""Search for the top 10 sustainable fashion brands""
    type: table

  brand_websites:
    type: for_each
    description: ""Visit each brand's website to gather information about their latest eco-friendly collections""
    inputs: [sustainable_fashion_search]
    row_output: website_content
    row_chain:
      assets:
        website_content:
          agent: url
          description: ""Visit the URL from this search result row""
          type: text
          inputs: [__row__]

  eco_friendly_collections_summary:
    agent: answerer
    description: ""Synthesize all gathered information about the latest eco-friendly collections from the brands""
    type: table
    inputs: [brand_websites]","['answerer', 'brave_search']",3,search_then_fetch,True,
"""Search for the top 10 electric vehicle manufacturers, then visit each company's website to gather information on their latest models and innovations.""","assets:
  ev_manufacturer_search:
    agent: brave_search
    description: ""Search for the top 10 electric vehicle manufacturers""
    type: table

  ev_manufacturer_websites:
    type: for_each
    description: ""Visit each manufacturer's website to gather information on their latest models and innovations""
    inputs: [ev_manufacturer_search]
    row_output: website_content
    row_chain:
      assets:
        website_content:
          agent: url
          description: ""Visit the URL from this search result row""
          type: text
          inputs: [__row__]

  ev_manufacturer_insights:
    agent: answerer
    description: ""Synthesize information from all fetched websites about latest models and innovations""
    type: table
    inputs: [ev_manufacturer_websites]","['answerer', 'brave_search']",3,search_then_fetch,True,
"""Search for the top 10 online courses in data science, then visit each course's website to summarize the curriculum and key features.""","assets:
  data_science_courses_search:
    agent: brave_search
    description: ""Search for the top 10 online courses in data science""
    type: table

  course_webpages:
    type: for_each
    description: ""Fetch each course's website to summarize the curriculum and key features""
    inputs: [data_science_courses_search]
    row_output: course_summary
    row_chain:
      assets:
        course_summary:
          agent: url
          description: ""Visit the URL from this search result row""
          type: text
          inputs: [__row__]

  final_course_summary:
    agent: answerer
    description: ""Synthesize the summaries of all courses into a comprehensive overview""
    type: table
    inputs: [course_webpages]","['answerer', 'brave_search']",3,search_then_fetch,True,
"""Search for the top 10 electric vehicle manufacturers, then for each manufacturer, fetch their latest sustainability report from their website.""","assets:
  ev_manufacturer_search:
    agent: brave_search
    description: ""Search for the top 10 electric vehicle manufacturers""
    type: table

  sustainability_report_fetch:
    type: for_each
    description: ""Fetch the latest sustainability report for each manufacturer""
    inputs: [ev_manufacturer_search]
    row_output: report_content
    row_chain:
      assets:
        report_content:
          agent: url
          description: ""Visit the manufacturer's website to fetch their latest sustainability report""
          type: text
          inputs: [__row__]

  final_sustainability_report:
    agent: answerer
    description: ""Synthesize all fetched sustainability reports from manufacturers""
    type: table
    inputs: [sustainability_report_fetch]","['answerer', 'brave_search']",3,search_then_fetch,True,
"""Find the top 10 electric vehicle manufacturers, then for each manufacturer, check their official website for the latest model releases and specifications.""","assets:
  ev_manufacturer_search:
    agent: brave_search
    description: ""Search for the top 10 electric vehicle manufacturers""
    type: table

  ev_manufacturer_websites:
    type: for_each
    description: ""Fetch each manufacturer's official website to check for latest model releases and specifications""
    inputs: [ev_manufacturer_search]
    row_output: website_content
    row_chain:
      assets:
        website_content:
          agent: url
          description: ""Visit the URL from this search result row""
          type: text
          inputs: [__row__]

  ev_model_specifications:
    agent: answerer
    description: ""Synthesize the latest model releases and specifications from all manufacturers' websites""
    type: table
    inputs: [ev_manufacturer_websites]","['answerer', 'brave_search']",3,search_then_fetch,True,
"""Search for the top 10 electric vehicle manufacturers, then visit each manufacturer's website to check their latest models and specifications.""","assets:
  ev_manufacturer_search:
    agent: brave_search
    description: ""Search for the top 10 electric vehicle manufacturers""
    type: table

  manufacturer_websites:
    type: for_each
    description: ""Visit each manufacturer's website to check their latest models and specifications""
    inputs: [ev_manufacturer_search]
    row_output: website_content
    row_chain:
      assets:
        website_content:
          agent: url
          description: ""Fetch the content of the manufacturer's website from the search result""
          type: text
          inputs: [__row__]

  final_models_comparison:
    agent: answerer
    description: ""Synthesize the information on the latest models and specifications from all manufacturers""
    type: table
    inputs: [manufacturer_websites]","['answerer', 'brave_search']",3,search_then_fetch,True,
"""Search for the top 10 universities in the world, then visit each university's official website to gather their latest research initiatives.""","assets:
  university_search:
    agent: brave_search
    description: ""Search for the top 10 universities in the world""
    type: table

  university_homepages:
    type: for_each
    description: ""Visit each university's official website to gather their latest research initiatives""
    inputs: [university_search]
    row_output: homepage_content
    row_chain:
      assets:
        homepage_content:
          agent: url
          description: ""Fetch the official website content for the university""
          type: text
          inputs: [__row__]

  research_initiatives_summary:
    agent: answerer
    description: ""Synthesize the latest research initiatives from all university homepages""
    type: table
    inputs: [university_homepages]","['answerer', 'brave_search']",3,search_then_fetch,True,
"""Find the top 10 universities known for computer science programs, then visit each university's website to gather information about their latest research initiatives.""","assets:
  university_search:
    agent: brave_search
    description: ""Search for the top 10 universities known for computer science programs""
    type: table

  university_websites:
    type: for_each
    description: ""Visit each university's website to gather information about their latest research initiatives""
    inputs: [university_search]
    row_output: research_initiatives
    row_chain:
      assets:
        research_initiatives:
          agent: url
          description: ""Fetch the latest research initiatives from the university's website""
          type: text
          inputs: [__row__]

  final_research_summary:
    agent: answerer
    description: ""Synthesize information about the latest research initiatives from all universities""
    type: table
    inputs: [university_websites]","['answerer', 'brave_search']",3,search_then_fetch,True,
"""Retrieve the list of the top 10 universities in the world, then check each university's website for their latest research publications.""","assets:
  university_list:
    agent: sql
    description: ""Retrieve the list of the top 10 universities in the world""
    type: table

  university_research_search:
    type: for_each
    description: ""Search for the latest research publications for each university""
    inputs: [university_list]
    row_output: research_publications
    row_chain:
      assets:
        research_publications:
          agent: brave_search
          description: ""Search for the latest research publications on the university's website""
          type: table
          inputs: [__row__]

  final_publications_summary:
    agent: answerer
    description: ""Synthesize the research publications from all universities""
    type: table
    inputs: [university_research_search]","['answerer', 'sql']",3,sql_then_process,True,
"""Retrieve all the recent patent filings related to renewable energy technologies, then for each patent, look up the inventors on LinkedIn to gather their professional background.""","assets:
  recent_patent_filings:
    agent: sql
    description: ""Retrieve all recent patent filings related to renewable energy technologies""
    type: table

  inventor_search:
    type: for_each
    description: ""Search for each inventor on LinkedIn to gather their professional background""
    inputs: [recent_patent_filings]
    row_output: inventor_profile
    row_chain:
      assets:
        inventor_profile:
          agent: brave_search
          description: ""Search for the inventor's LinkedIn profile""
          type: table
          inputs: [__row__]

  final_synthesis:
    agent: answerer
    description: ""Synthesize the inventor profiles to summarize their professional backgrounds""
    type: table
    inputs: [inventor_search]","['answerer', 'sql']",3,sql_then_process,True,
"""Retrieve a list of all the recent patents filed in the renewable energy sector, then for each patent, search the web for any related news articles or publications.""","assets:
  recent_patents_query:
    agent: sql
    description: ""Retrieve a list of all the recent patents filed in the renewable energy sector.""
    type: table

  patent_related_search:
    type: for_each
    description: ""Search the web for related news articles or publications for each patent.""
    inputs: [recent_patents_query]
    row_output: related_articles
    row_chain:
      assets:
        related_articles:
          agent: brave_search
          description: ""Search for news articles or publications related to the patent.""
          type: table
          inputs: [__row__]

  final_summary:
    agent: answerer
    description: ""Synthesize the information from the related articles for each patent.""
    type: table
    inputs: [patent_related_search]","['answerer', 'sql']",3,sql_then_process,True,
"""Retrieve the list of top 10 universities for computer science, then check each university's website for their most recent research initiatives.""","assets:
  university_list:
    agent: sql
    description: ""Retrieve the list of top 10 universities for computer science""
    type: table

  university_research_initiatives:
    type: for_each
    description: ""Search for recent research initiatives for each university""
    inputs: [university_list]
    row_output: research_info
    row_chain:
      assets:
        research_info:
          agent: brave_search
          description: ""Search for recent research initiatives on the university's website""
          type: table
          inputs: [__row__]

  final_synthesis:
    agent: answerer
    description: ""Synthesize the information about research initiatives from all universities""
    type: table
    inputs: [university_research_initiatives]","['answerer', 'sql']",3,sql_then_process,True,
"""Retrieve all the recent product launches from our database, then for each product, look online for customer reviews and summarize the feedback.""","assets:
  recent_product_launches:
    agent: sql
    description: ""Retrieve all the recent product launches from our database""
    type: table

  product_reviews_search:
    type: for_each
    description: ""Search for customer reviews for each product""
    inputs: [recent_product_launches]
    row_output: review_search_results
    row_chain:
      assets:
        review_search_results:
          agent: brave_search
          description: ""Search for customer reviews for the product in this row""
          type: table
          inputs: [__row__]

  final_review_summary:
    agent: answerer
    description: ""Summarize the customer feedback from the reviews found""
    type: table
    inputs: [product_reviews_search]","['answerer', 'sql']",3,sql_then_process,True,
"""Retrieve all the recent startups in the health tech sector from our database, then for each startup, search for their latest funding rounds and key developments.""","assets:
  healthtech_startups_query:
    agent: sql
    description: ""Retrieve all the recent startups in the health tech sector from our database""
    type: table

  funding_rounds_search:
    type: for_each
    description: ""Search for the latest funding rounds and key developments for each health tech startup""
    inputs: [healthtech_startups_query]
    row_output: funding_info
    row_chain:
      assets:
        funding_info:
          agent: brave_search
          description: ""Search for the latest funding rounds and key developments for this startup""
          type: table
          inputs: [__row__]

  final_synthesis:
    agent: answerer
    description: ""Synthesize the funding information for all health tech startups""
    type: table
    inputs: [funding_rounds_search]","['answerer', 'sql']",3,sql_then_process,True,
"""Retrieve all the startups in the renewable energy sector from our database, then for each startup, look up their latest funding rounds and key developments.""","assets:
  startup_retrieval:
    agent: sql
    description: ""Retrieve all the startups in the renewable energy sector from our database""
    type: table

  startup_funding_search:
    type: for_each
    description: ""Search for the latest funding rounds and key developments for each startup""
    inputs: [startup_retrieval]
    row_output: funding_info
    row_chain:
      assets:
        funding_info:
          agent: brave_search
          description: ""Look up the latest funding rounds and developments for the startup""
          type: table
          inputs: [__row__]

  final_synthesis:
    agent: answerer
    description: ""Synthesize the findings on startups' funding rounds and developments""
    type: table
    inputs: [startup_funding_search]","['answerer', 'sql']",3,sql_then_process,True,
"""Retrieve a list of all restaurants in New York City from our database, then check each restaurant's website for their current menu and opening hours.""","assets:
  restaurant_list:
    agent: sql
    description: ""Retrieve a list of all restaurants in New York City from our database.""
    type: table

  restaurant_web_search:
    type: for_each
    description: ""Search for each restaurant's website to find their current menu and opening hours.""
    inputs: [restaurant_list]
    row_output: restaurant_info
    row_chain:
      assets:
        restaurant_info:
          agent: brave_search
          description: ""Search the web for the restaurant's website and information.""
          type: table
          inputs: [__row__]

  final_restaurant_summary:
    agent: answerer
    description: ""Synthesize the information gathered about each restaurant's menu and opening hours.""
    type: table
    inputs: [restaurant_web_search]","['answerer', 'sql']",3,sql_then_process,True,
"""Retrieve a list of all the best-selling books from the past year, then for each book, check online reviews to summarize the main themes and reader opinions.""","assets:
  best_selling_books:
    agent: sql
    description: ""Retrieve a list of all the best-selling books from the past year""
    type: table

  book_reviews_search:
    type: for_each
    description: ""Search for online reviews of each best-selling book to summarize themes and opinions""
    inputs: [best_selling_books]
    row_output: review_info
    row_chain:
      assets:
        review_info:
          agent: brave_search
          description: ""Search for reviews of the book from this row""
          type: table
          inputs: [__row__]

  summary_of_reviews:
    agent: answerer
    description: ""Synthesize the main themes and reader opinions from the reviews""
    type: table
    inputs: [book_reviews_search]","['answerer', 'sql']",3,sql_then_process,True,
"""Retrieve all the recent job postings related to software engineering from our database, then for each posting, search the company's website for additional details about the role and any specific requirements.""","assets:
  job_postings_query:
    agent: sql
    description: ""Retrieve all recent job postings related to software engineering from the database""
    type: table

  job_postings_search:
    type: for_each
    description: ""Search for additional details about each job posting""
    inputs: [job_postings_query]
    row_output: company_details
    row_chain:
      assets:
        company_details:
          agent: brave_search
          description: ""Search for the company's website for additional details about the role and specific requirements""
          type: table
          inputs: [__row__]

  final_job_posting_analysis:
    agent: answerer
    description: ""Synthesize the information from job postings and their respective company details""
    type: table
    inputs: [job_postings_search]","['answerer', 'sql']",3,sql_then_process,True,
"""Retrieve a list of authors who published books in the last year, then search for interviews or articles about each author to summarize their insights on writing.""","assets:
  authors_query:
    agent: sql
    description: ""Retrieve a list of authors who published books in the last year""
    type: table

  author_interviews_search:
    type: for_each
    description: ""Search for interviews or articles about each author""
    inputs: [authors_query]
    row_output: interview_results
    row_chain:
      assets:
        interview_results:
          agent: brave_search
          description: ""Search for interviews or articles related to the author from this row""
          type: table
          inputs: [__row__]

  final_insights_summary:
    agent: answerer
    description: ""Summarize insights from the collected interviews and articles""
    type: table
    inputs: [author_interviews_search]","['answerer', 'sql']",3,sql_then_process,True,
"""Retrieve a list of all products from our inventory database, then check each product's official website for the latest user reviews and ratings.""","assets:
  product_inventory:
    agent: sql
    description: ""Retrieve a list of all products from our inventory database""
    type: table

  product_reviews_search:
    type: for_each
    description: ""Search for the latest user reviews and ratings for each product""
    inputs: [product_inventory]
    row_output: review_search_results
    row_chain:
      assets:
        review_search_results:
          agent: brave_search
          description: ""Search for the official website of the product to find user reviews""
          type: table
          inputs: [__row__]

  final_reviews_summary:
    agent: answerer
    description: ""Synthesize the latest user reviews and ratings for all products""
    type: table
    inputs: [product_reviews_search]","['answerer', 'sql']",3,sql_then_process,True,
"""Retrieve the list of all products from our inventory database, then for each product, check online for the latest customer reviews and ratings.""","assets:
  product_inventory:
    agent: sql
    description: ""Retrieve the list of all products from the inventory database""
    type: table

  product_reviews_search:
    type: for_each
    description: ""Search for the latest customer reviews and ratings for each product""
    inputs: [product_inventory]
    row_output: reviews_table
    row_chain:
      assets:
        reviews_table:
          agent: brave_search
          description: ""Search for reviews and ratings for the product in this row""
          type: table
          inputs: [__row__]

  final_reviews_summary:
    agent: answerer
    description: ""Synthesize the reviews and ratings for all products""
    type: table
    inputs: [product_reviews_search]","['answerer', 'sql']",3,sql_then_process,True,
"""Retrieve all the recent patents filed in the renewable energy sector, then for each patent, check the inventor's profile online to gather their research interests and other contributions.""","assets:
  recent_patents:
    agent: sql
    description: ""Retrieve all the recent patents filed in the renewable energy sector""
    type: table

  inventor_profiles:
    type: for_each
    description: ""Search the web for each inventor's profile to gather their research interests and contributions""
    inputs: [recent_patents]
    row_output: profile_info
    row_chain:
      assets:
        profile_info:
          agent: brave_search
          description: ""Search for the inventor's profile online""
          type: table
          inputs: [__row__]

  final_synthesis:
    agent: answerer
    description: ""Synthesize the inventor profiles and patents information""
    type: table
    inputs: [inventor_profiles]","['answerer', 'sql']",3,sql_then_process,True,
"""Query the database for all recent patent filings in renewable energy, then look up each patent online to summarize the key innovations.""","assets:
  patent_filings_query:
    agent: sql
    description: ""Query the database for all recent patent filings in renewable energy""
    type: table

  patent_info_search:
    type: for_each
    description: ""Search for additional info on each patent filing""
    inputs: [patent_filings_query]
    row_output: patent_summary
    row_chain:
      assets:
        patent_summary:
          agent: brave_search
          description: ""Search the web for details on the patent from this row""
          type: table
          inputs: [__row__]

  final_patent_summary:
    agent: answerer
    description: ""Synthesize the key innovations from all patent summaries""
    type: table
    inputs: [patent_info_search]","['answerer', 'sql']",3,sql_then_process,True,
"""Retrieve all the recent patents for electric vehicle technologies, then for each patent, look up the inventors and their other related patents.""","assets:
  recent_patents:
    agent: sql
    description: ""Retrieve all recent patents for electric vehicle technologies.""
    type: table

  inventor_search:
    type: for_each
    description: ""Search for each inventor's other related patents.""
    inputs: [recent_patents]
    row_output: related_patents
    row_chain:
      assets:
        related_patents:
          agent: brave_search
          description: ""Look up the inventors and their related patents based on each patent row.""
          type: table
          inputs: [__row__]

  final_synthesis:
    agent: answerer
    description: ""Synthesize the information about each inventor and their related patents.""
    type: table
    inputs: [inventor_search]","['answerer', 'sql']",3,sql_then_process,True,
"""Compile a list of all universities offering computer science degrees, then visit each university's website to extract information about their specific program offerings and admission requirements.""","assets:
  university_search:
    agent: sql
    description: ""Retrieve a list of universities offering computer science degrees from the database.""
    type: table

  university_web_search:
    type: for_each
    description: ""Search the web for information about each university's computer science program.""
    inputs: [university_search]
    row_output: program_info
    row_chain:
      assets:
        program_info:
          agent: brave_search
          description: ""Search for the specific program offerings and admission requirements of the university.""
          type: table
          inputs: [__row__]

  final_summary:
    agent: answerer
    description: ""Synthesize the information about computer science programs and admission requirements from all universities.""
    type: table
    inputs: [university_web_search]","['answerer', 'sql']",3,sql_then_process,True,
"""Retrieve all the recent patents filed in the renewable energy sector, then for each patent, look up the associated inventors and their previous work.""","assets:
  recent_patents:
    agent: sql
    description: ""Retrieve a table of recent patents filed in the renewable energy sector.""
    type: table

  patent_inventor_search:
    type: for_each
    description: ""Search for associated inventors and their previous work for each patent.""
    inputs: [recent_patents]
    row_output: inventor_info
    row_chain:
      assets:
        inventor_info:
          agent: brave_search
          description: ""Look up the inventors associated with this patent.""
          type: table
          inputs: [__row__]

  final_synthesis:
    agent: answerer
    description: ""Synthesize information about the patents and their associated inventors.""
    type: table
    inputs: [patent_inventor_search]","['answerer', 'sql']",3,sql_then_process,True,
"""Retrieve all the restaurants within a 10-mile radius that have a rating of 4 stars or higher, then check each restaurant's website for their current menu offerings.""","assets:
  restaurant_query:
    agent: sql
    description: ""Retrieve all the restaurants within a 10-mile radius that have a rating of 4 stars or higher""
    type: table

  restaurant_menu_search:
    type: for_each
    description: ""Search for the current menu offerings of each restaurant""
    inputs: [restaurant_query]
    row_output: menu_page_content
    row_chain:
      assets:
        menu_page_content:
          agent: brave_search
          description: ""Search for the current menu offerings on the restaurant's website""
          type: table
          inputs: [__row__]

  final_menu_comparison:
    agent: answerer
    description: ""Synthesize the current menu offerings from all restaurants""
    type: table
    inputs: [restaurant_menu_search]","['answerer', 'sql']",3,sql_then_process,True,
"""Retrieve a list of the top 10 largest cities in the world by population, then for each city, gather the latest statistics on their population growth and economic indicators from reliable sources.""","assets:
  largest_cities_query:
    agent: sql
    description: ""Retrieve a list of the top 10 largest cities in the world by population""
    type: table

  city_population_growth_search:
    type: for_each
    description: ""Search for the latest statistics on population growth and economic indicators for each city""
    inputs: [largest_cities_query]
    row_output: city_statistics
    row_chain:
      assets:
        city_statistics:
          agent: brave_search
          description: ""Search for population growth and economic indicators for this city""
          type: table
          inputs: [__row__]

  final_city_statistics:
    agent: answerer
    description: ""Synthesize the population growth and economic indicators for all cities""
    type: table
    inputs: [city_population_growth_search]","['answerer', 'sql']",3,sql_then_process,True,
"""Retrieve all the authors who published in the last year, then look up each author's latest publications and summarize their key findings.""","assets:
  author_retrieval:
    agent: sql
    description: ""Retrieve all authors who published in the last year""
    type: table

  author_publication_search:
    type: for_each
    description: ""Search for each author's latest publications""
    inputs: [author_retrieval]
    row_output: publication_search_results
    row_chain:
      assets:
        publication_search_results:
          agent: brave_search
          description: ""Search for the latest publications by the author""
          type: table
          inputs: [__row__]

  summary_of_findings:
    agent: answerer
    description: ""Summarize the key findings of all authors' latest publications""
    type: table
    inputs: [author_publication_search]","['answerer', 'sql']",3,sql_then_process,True,
"""Retrieve a list of the top 10 bestselling novels of the last year, then for each book, find and summarize the main themes discussed in reviews from major literary websites.""","assets:
  bestselling_novels_query:
    agent: sql
    description: ""Retrieve a list of the top 10 bestselling novels of the last year""
    type: table

  novel_reviews_search:
    type: for_each
    description: ""Search for main themes discussed in reviews for each bestselling novel""
    inputs: [bestselling_novels_query]
    row_output: review_summary
    row_chain:
      assets:
        review_summary:
          agent: brave_search
          description: ""Search for reviews discussing themes of the novel from major literary websites""
          type: table
          inputs: [__row__]

  final_themes_summary:
    agent: answerer
    description: ""Synthesize the main themes discussed in reviews for all bestselling novels""
    type: table
    inputs: [novel_reviews_search]","['answerer', 'sql']",3,sql_then_process,True,
"""Retrieve the top 10 restaurants in New York City, then for each restaurant, check their website for the latest menu and reviews.""","assets:
  restaurant_query:
    agent: sql
    description: ""Retrieve the top 10 restaurants in New York City""
    type: table

  restaurant_info_search:
    type: for_each
    description: ""Search for the latest menu and reviews for each restaurant""
    inputs: [restaurant_query]
    row_output: restaurant_website_info
    row_chain:
      assets:
        restaurant_website_info:
          agent: brave_search
          description: ""Search for the website of the restaurant to find the latest menu and reviews""
          type: table
          inputs: [__row__]

  final_summary:
    agent: answerer
    description: ""Synthesize the latest menu and reviews for all restaurants""
    type: table
    inputs: [restaurant_info_search]","['answerer', 'sql']",3,sql_then_process,True,
"""Retrieve all recent articles from our database about renewable energy, then for each article, search the web for related studies and statistics.""","assets:
  renewable_energy_articles:
    agent: sql
    description: ""Retrieve all recent articles about renewable energy from the database""
    type: table

  article_related_studies:
    type: for_each
    description: ""Search the web for related studies and statistics for each article""
    inputs: [renewable_energy_articles]
    row_output: study_statistics
    row_chain:
      assets:
        study_statistics:
          agent: brave_search
          description: ""Search for studies and statistics related to the article""
          type: table
          inputs: [__row__]

  final_synthesis:
    agent: answerer
    description: ""Synthesize the findings from the related studies and statistics""
    type: table
    inputs: [article_related_studies]","['answerer', 'sql']",3,sql_then_process,True,
"""Query the database for all recent product launches in our industry, then look up each product online to gather user reviews and expert opinions.""","assets:
  recent_product_launches:
    agent: sql
    description: ""Query the database for all recent product launches in our industry""
    type: table

  product_review_search:
    type: for_each
    description: ""Search for user reviews and expert opinions on each product""
    inputs: [recent_product_launches]
    row_output: review_search_results
    row_chain:
      assets:
        review_search_results:
          agent: brave_search
          description: ""Search the web for reviews and opinions on the product""
          type: table
          inputs: [__row__]

  final_review_synthesis:
    agent: answerer
    description: ""Synthesize the gathered reviews and opinions for each product""
    type: table
    inputs: [product_review_search]","['answerer', 'sql']",3,sql_then_process,True,
"""Retrieve all the recent articles on climate change from our database, then for each article, look up additional insights and statistics from reputable environmental websites.""","assets:
  climate_change_articles:
    agent: sql
    description: ""Retrieve all recent articles on climate change from the database""
    type: table

  climate_change_insights:
    type: for_each
    description: ""Search for additional insights and statistics for each climate change article""
    inputs: [climate_change_articles]
    row_output: article_insight
    row_chain:
      assets:
        article_insight:
          agent: brave_search
          description: ""Search for insights and statistics on the climate change article""
          type: table
          inputs: [__row__]

  synthesized_insights:
    agent: answerer
    description: ""Synthesize insights and statistics from various articles on climate change""
    type: table
    inputs: [climate_change_insights]","['answerer', 'sql']",3,sql_then_process,True,
"""Retrieve a list of the top 10 largest cities in the world, then gather the latest demographic data and economic reports for each city from reputable websites.""","assets:
  largest_cities_query:
    agent: sql
    description: ""Retrieve a list of the top 10 largest cities in the world""
    type: table

  city_demographics_search:
    type: for_each
    description: ""Search for the latest demographic data and economic reports for each city""
    inputs: [largest_cities_query]
    row_output: city_report
    row_chain:
      assets:
        city_report:
          agent: brave_search
          description: ""Search for demographic data and economic reports for the city from this row""
          type: table
          inputs: [__row__]

  final_demographic_synthesis:
    agent: answerer
    description: ""Synthesize the demographic and economic reports for all cities""
    type: table
    inputs: [city_demographics_search]","['answerer', 'sql']",3,sql_then_process,True,
"""Retrieve the list of all upcoming tech conferences in 2024, then search for each conference's website to find their speakers and session topics.""","assets:
  tech_conference_query:
    agent: sql
    description: ""Retrieve the list of all upcoming tech conferences in 2024""
    type: table

  conference_web_search:
    type: for_each
    description: ""Search for each conference's website to find their speakers and session topics""
    inputs: [tech_conference_query]
    row_output: conference_website_info
    row_chain:
      assets:
        conference_website_info:
          agent: brave_search
          description: ""Search for the conference's official website""
          type: table
          inputs: [__row__]

  final_conference_details:
    agent: answerer
    description: ""Synthesize information about speakers and session topics from all conference websites""
    type: table
    inputs: [conference_web_search]","['answerer', 'sql']",3,sql_then_process,True,
"""Retrieve a list of the top 10 universities in the world, then for each university, search for their latest research initiatives and current rankings.""","assets:
  university_rankings:
    agent: sql
    description: ""Retrieve a list of the top 10 universities in the world""
    type: table

  research_initiatives_search:
    type: for_each
    description: ""Search for the latest research initiatives and current rankings for each university""
    inputs: [university_rankings]
    row_output: research_info
    row_chain:
      assets:
        research_info:
          agent: brave_search
          description: ""Search for the latest research initiatives and current rankings for the university""
          type: table
          inputs: [__row__]

  final_summary:
    agent: answerer
    description: ""Synthesize information on research initiatives and rankings for the top universities""
    type: table
    inputs: [research_initiatives_search]","['answerer', 'sql']",3,sql_then_process,True,
"""Retrieve a list of top-rated restaurants in New York City, then check each restaurant's website to gather their current menu and operating hours.""","assets:
  restaurant_query:
    agent: sql
    description: ""Retrieve a list of top-rated restaurants in New York City""
    type: table

  restaurant_web_search:
    type: for_each
    description: ""Search for each restaurant's website to gather their current menu and operating hours""
    inputs: [restaurant_query]
    row_output: website_info
    row_chain:
      assets:
        website_info:
          agent: brave_search
          description: ""Search for the website of the restaurant from this query row""
          type: table
          inputs: [__row__]

  menu_and_hours:
    type: for_each
    description: ""Fetch current menu and operating hours from each restaurant's website""
    inputs: [restaurant_web_search]
    row_output: restaurant_details
    row_chain:
      assets:
        restaurant_details:
          agent: url
          description: ""Visit the URL from the search result to get menu and hours""
          type: text
          inputs: [__row__]

  final_summary:
    agent: answerer
    description: ""Summarize the current menu and operating hours for each restaurant""
    type: table
    inputs: [menu_and_hours]","['answerer', 'sql']",4,sql_then_process,True,
"""Retrieve all recent patent filings in the biotechnology sector, then for each patent, find and summarize any associated news articles or press releases.""","assets:
  patent_filings:
    agent: sql
    description: ""Retrieve all recent patent filings in the biotechnology sector""
    type: table

  patent_news_search:
    type: for_each
    description: ""Search for news articles or press releases associated with each patent""
    inputs: [patent_filings]
    row_output: news_article_summary
    row_chain:
      assets:
        news_article_summary:
          agent: brave_search
          description: ""Search for news articles or press releases related to the patent""
          type: table
          inputs: [__row__]

  final_summary:
    agent: answerer
    description: ""Summarize the findings related to each patent from the news articles and press releases""
    type: table
    inputs: [patent_news_search]","['answerer', 'sql']",3,sql_then_process,True,
"""Retrieve a list of the top 10 most funded startups in renewable energy, then for each startup, find and summarize their latest investment round details.""","assets:
  startup_funding_query:
    agent: sql
    description: ""Retrieve a list of the top 10 most funded startups in renewable energy""
    type: table

  investment_round_search:
    type: for_each
    description: ""Search for the latest investment round details for each startup""
    inputs: [startup_funding_query]
    row_output: investment_round_info
    row_chain:
      assets:
        investment_round_info:
          agent: brave_search
          description: ""Find the latest investment round details for this startup""
          type: table
          inputs: [__row__]

  final_summary:
    agent: answerer
    description: ""Summarize the investment round details for all startups""
    type: table
    inputs: [investment_round_search]","['answerer', 'sql']",3,sql_then_process,True,
"""Retrieve all the recent patents in renewable energy from our database, then for each patent, look up additional information on the inventors and their affiliated organizations.""","assets:
  recent_patents:
    agent: sql
    description: ""Retrieve all the recent patents in renewable energy from the database""
    type: table

  patent_info_search:
    type: for_each
    description: ""Search for additional information on each patent's inventors and their affiliated organizations""
    inputs: [recent_patents]
    row_output: inventor_info
    row_chain:
      assets:
        inventor_info:
          agent: brave_search
          description: ""Search for additional information on the inventor and their affiliated organization""
          type: table
          inputs: [__row__]

  final_patent_summary:
    agent: answerer
    description: ""Synthesize information about the recent patents and their inventors""
    type: table
    inputs: [patent_info_search]","['answerer', 'sql']",3,sql_then_process,True,
"""Retrieve all the top-rated restaurants in New York City, then check each restaurant's website for their current menu and special offers.""","assets:
  top_rated_restaurants:
    agent: sql
    description: ""Retrieve a table of top-rated restaurants in New York City""
    type: table

  restaurant_web_search:
    type: for_each
    description: ""Search for each restaurant's website to find their current menu and special offers""
    inputs: [top_rated_restaurants]
    row_output: website_info
    row_chain:
      assets:
        website_info:
          agent: brave_search
          description: ""Search for the restaurant's official website""
          type: table
          inputs: [__row__]

  menu_and_offers:
    type: for_each
    description: ""Fetch each restaurant's website to read their current menu and special offers""
    inputs: [restaurant_web_search]
    row_output: website_content
    row_chain:
      assets:
        website_content:
          agent: url
          description: ""Visit the URL from the restaurant's search result row""
          type: text
          inputs: [__row__]

  final_synthesis:
    agent: answerer
    description: ""Synthesize the current menu and special offers from all restaurants""
    type: table
    inputs: [menu_and_offers]","['answerer', 'sql']",4,sql_then_process,True,
"""Retrieve a list of all the upcoming tech conferences in 2024, then check each conference's website for details about speakers and ticket availability.""","assets:
  tech_conference_query:
    agent: sql
    description: ""Retrieve a list of all the upcoming tech conferences in 2024""
    type: table

  conference_info_search:
    type: for_each
    description: ""Search for additional info on each conference""
    inputs: [tech_conference_query]
    row_output: conference_details
    row_chain:
      assets:
        conference_details:
          agent: brave_search
          description: ""Search for details about speakers and ticket availability for this conference""
          type: table
          inputs: [__row__]

  final_conference_summary:
    agent: answerer
    description: ""Synthesize the details of the conferences based on the search results""
    type: table
    inputs: [conference_info_search]","['answerer', 'sql']",3,sql_then_process,True,
"""Retrieve all the products listed in our inventory database, then search online for the latest customer reviews for each product.""","assets:
  product_inventory:
    agent: sql
    description: ""Retrieve all products listed in our inventory database""
    type: table

  product_reviews_search:
    type: for_each
    description: ""Search for the latest customer reviews for each product""
    inputs: [product_inventory]
    row_output: review_search_results
    row_chain:
      assets:
        review_search_results:
          agent: brave_search
          description: ""Search online for customer reviews of the product from this row""
          type: table
          inputs: [__row__]

  final_reviews_summary:
    agent: answerer
    description: ""Synthesize customer reviews for all products""
    type: table
    inputs: [product_reviews_search]","['answerer', 'sql']",3,sql_then_process,True,
"""Retrieve all restaurants in New York City from our database, then look up each restaurant's website to find their current menu offerings.""","assets:
  restaurant_query:
    agent: sql
    description: ""Retrieve all restaurants in New York City from the database""
    type: table

  restaurant_website_search:
    type: for_each
    description: ""Search for each restaurant's website to find their current menu offerings""
    inputs: [restaurant_query]
    row_output: restaurant_website_info
    row_chain:
      assets:
        restaurant_website_info:
          agent: brave_search
          description: ""Search for the website of the restaurant from this row""
          type: table
          inputs: [__row__]

  final_menu_offerings:
    agent: answerer
    description: ""Synthesize the current menu offerings from all restaurant websites""
    type: table
    inputs: [restaurant_website_search]","['answerer', 'sql']",3,sql_then_process,True,
"""Retrieve all the active movies currently playing in theaters, then for each movie, find and summarize the latest reviews from major film critic websites.""","assets:
  active_movies:
    agent: sql
    description: ""Retrieve all the active movies currently playing in theaters""
    type: table

  movie_reviews_search:
    type: for_each
    description: ""Search for the latest reviews for each movie""
    inputs: [active_movies]
    row_output: review_search_results
    row_chain:
      assets:
        review_search_results:
          agent: brave_search
          description: ""Search for the latest reviews for the movie from critic websites""
          type: table
          inputs: [__row__]

  final_reviews_summary:
    agent: answerer
    description: ""Summarize the latest reviews for all active movies""
    type: table
    inputs: [movie_reviews_search]","['answerer', 'sql']",3,sql_then_process,True,
"""Retrieve a list of the top 10 universities for computer science, then search each university's website for their latest research publications and faculty highlights.""","assets:
  university_search:
    agent: sql
    description: ""Retrieve a list of the top 10 universities for computer science""
    type: table

  university_research_fetch:
    type: for_each
    description: ""Search each university's website for latest research publications and faculty highlights""
    inputs: [university_search]
    row_output: research_highlights
    row_chain:
      assets:
        research_highlights:
          agent: brave_search
          description: ""Search for the latest research publications and faculty highlights on the university's website""
          type: table
          inputs: [__row__]

  final_synthesis:
    agent: answerer
    description: ""Synthesize the research publications and faculty highlights from all universities""
    type: table
    inputs: [university_research_fetch]","['answerer', 'sql']",3,sql_then_process,True,
"""Retrieve all the authors of the top 10 bestselling novels from last year, then look up each author's official website to gather information about their upcoming book releases.""","assets:
  bestselling_authors:
    agent: sql
    description: ""Retrieve all authors of the top 10 bestselling novels from last year""
    type: table

  author_websites:
    type: for_each
    description: ""Search for each author's official website to gather information about upcoming book releases""
    inputs: [bestselling_authors]
    row_output: website_info
    row_chain:
      assets:
        website_info:
          agent: brave_search
          description: ""Search for the official website of the author""
          type: table
          inputs: [__row__]

  upcoming_releases:
    agent: answerer
    description: ""Synthesize information about upcoming book releases from the authors' websites""
    type: table
    inputs: [author_websites]","['answerer', 'sql']",3,sql_then_process,True,
"""Identify the top 10 universities in computer science, then check each university's website for their current research projects and faculty publications.""","assets:
  university_search:
    agent: brave_search
    description: ""Search for the top universities in computer science""
    type: table

  cs_university_search:
    agent: brave_search
    description: ""Search for universities specifically in computer science""
    type: table

  combined_university_search:
    agent: sql
    description: ""Combine results from multiple search queries""
    type: table
    inputs: [university_search, cs_university_search]

  university_websites:
    type: for_each
    description: ""Fetch each university's website to check for research projects and faculty publications""
    inputs: [combined_university_search]
    row_output: website_content
    row_chain:
      assets:
        website_content:
          agent: url
          description: ""Visit the university's website from this search result row""
          type: text
          inputs: [__row__]

  final_results:
    agent: answerer
    description: ""Synthesize the research projects and faculty publications from all university websites""
    type: table
    inputs: [university_websites]","['answerer', 'brave_search', 'sql']",5,multi_search_then_fetch,True,
"""Identify the top 10 online retailers in the fashion industry, then look up each retailer's website to gather information about their return policies.""","assets:
  fashion_retailer_search_1:
    agent: brave_search
    description: ""Search for top online retailers in the fashion industry""
    type: table

  fashion_retailer_search_2:
    agent: brave_search
    description: ""Search for leading fashion retailers online""
    type: table

  fashion_retailer_search_3:
    agent: brave_search
    description: ""Find popular online stores in the fashion sector""
    type: table

  combined_fashion_retailer_results:
    type: for_each
    description: ""Consolidate search results into a single list""
    inputs: [fashion_retailer_search_1, fashion_retailer_search_2, fashion_retailer_search_3]
    row_output: retailer_homepage_content
    row_chain:
      assets:
        retailer_homepage_content:
          agent: url
          description: ""Visit the URL from this search result row to gather return policy information""
          type: text
          inputs: [__row__]

  final_return_policy_summary:
    agent: answerer
    description: ""Summarize return policies from all fashion retailers""
    type: table
    inputs: [combined_fashion_retailer_results]","['answerer', 'brave_search']",5,multi_search_then_fetch,True,
"""Retrieve the top 10 trending movies this week, then check each movie's IMDb page to gather its cast, director, and user ratings.""","assets:
  trending_movies_search:
    agent: brave_search
    description: ""Search for the top trending movies this week""
    type: table

  trending_movies_search_2:
    agent: brave_search
    description: ""Search for the latest popular movies""
    type: table

  trending_movies_search_3:
    agent: brave_search
    description: ""Search for current box office hits""
    type: table

  movie_imdb_pages:
    type: for_each
    description: ""Fetch each movie's IMDb page to gather cast, director, and user ratings""
    inputs: [trending_movies_search]
    row_output: imdb_content
    row_chain:
      assets:
        imdb_content:
          agent: url
          description: ""Visit the IMDb page from this search result row""
          type: text
          inputs: [__row__]

  final_movie_details:
    agent: answerer
    description: ""Compile the cast, director, and user ratings from all IMDb pages""
    type: table
    inputs: [movie_imdb_pages]","['answerer', 'brave_search']",5,multi_search_then_fetch,True,
"""Identify the top 10 universities for computer science, then check each university's website for their latest research initiatives and funding opportunities.""","assets:
  university_search_1:
    agent: brave_search
    description: ""Search for the top universities for computer science""
    type: table

  university_search_2:
    agent: brave_search
    description: ""Search for leading computer science programs globally""
    type: table

  university_search_3:
    agent: brave_search
    description: ""Find universities recognized for computer science excellence""
    type: table

  university_websites:
    type: for_each
    description: ""Fetch each university's website to read about their latest research initiatives and funding opportunities""
    inputs: [university_search_1, university_search_2, university_search_3]
    row_output: website_content
    row_chain:
      assets:
        website_content:
          agent: url
          description: ""Visit the URL from this search result row""
          type: text
          inputs: [__row__]

  final_summary:
    agent: answerer
    description: ""Compile and summarize the research initiatives and funding opportunities from all university websites""
    type: table
    inputs: [university_websites]","['answerer', 'brave_search']",5,multi_search_then_fetch,True,
"""Compile a list of the top 10 highest-grossing movies of the year, then for each movie, check their official websites for bonus features and special releases.""","assets:
  movie_search_2023:
    agent: brave_search
    description: ""Search for the highest-grossing movies of 2023""
    type: table

  top_movie_search:
    agent: brave_search
    description: ""Search for the top 10 highest-grossing movies""
    type: table

  movie_homepages:
    type: for_each
    description: ""Fetch each movie's official website to check for bonus features and special releases""
    inputs: [top_movie_search]
    row_output: homepage_content
    row_chain:
      assets:
        homepage_content:
          agent: url
          description: ""Visit the official website from this search result row""
          type: text
          inputs: [__row__]

  final_movie_features:
    agent: answerer
    description: ""Compile and compare the bonus features and special releases from all movie homepages""
    type: table
    inputs: [movie_homepages]","['answerer', 'brave_search']",4,multi_search_then_fetch,True,
"""Identify the top 10 emerging startups in the renewable energy sector, then for each startup, look up their latest funding rounds and key innovations.""","assets:
  renewable_energy_startups_search:
    agent: brave_search
    description: ""Search for the top emerging startups in the renewable energy sector""
    type: table

  funding_rounds_search:
    agent: brave_search
    description: ""Search for the latest funding rounds of renewable energy startups""
    type: table

  innovations_search:
    agent: brave_search
    description: ""Search for key innovations from renewable energy startups""
    type: table

  startup_funding_rounds:
    type: for_each
    description: ""Fetch each startup's latest funding rounds""
    inputs: [renewable_energy_startups_search]
    row_output: funding_round_details
    row_chain:
      assets:
        funding_round_details:
          agent: url
          description: ""Visit the URL to find the latest funding rounds for this startup""
          type: text
          inputs: [__row__]

  startup_innovations:
    type: for_each
    description: ""Fetch each startup's key innovations""
    inputs: [renewable_energy_startups_search]
    row_output: innovation_details
    row_chain:
      assets:
        innovation_details:
          agent: url
          description: ""Visit the URL to find key innovations for this startup""
          type: text
          inputs: [__row__]

  final_summary:
    agent: answerer
    description: ""Combine all details of startups, funding rounds, and innovations""
    type: table
    inputs: [startup_funding_rounds, startup_innovations]","['answerer', 'brave_search']",6,multi_search_then_fetch,True,
"""List all the universities in California, then for each university, search for their latest research publications and summarize the main findings.""","assets:
  university_search:
    agent: brave_search
    description: ""Search for universities in California""
    type: table

  publication_search:
    agent: brave_search
    description: ""Search for latest research publications for each university""
    type: table

  universities:
    type: for_each
    description: ""Fetch latest research publications for each university""
    inputs: [university_search]
    row_output: publication_content
    row_chain:
      assets:
        publication_content:
          agent: url
          description: ""Visit the URL from the university search result row to get publications""
          type: text
          inputs: [__row__]

  final_summary:
    agent: answerer
    description: ""Summarize the main findings of the research publications""
    type: table
    inputs: [universities]","['answerer', 'brave_search']",4,multi_search_then_fetch,True,
"""Compile a list of the best-rated restaurants in New York City, then for each restaurant, check their website for the latest menu and any special promotions.""","assets:
  restaurant_search_1:
    agent: brave_search
    description: ""Search for the best-rated restaurants in New York City""
    type: table

  restaurant_search_2:
    agent: brave_search
    description: ""Search for top dining options in NYC""
    type: table

  restaurant_search_3:
    agent: brave_search
    description: ""Find the highest rated eateries in New York City""
    type: table

  restaurant_websites:
    type: for_each
    description: ""Fetch each restaurant's website to read their latest menu and promotions""
    inputs: [restaurant_search_1, restaurant_search_2, restaurant_search_3]
    row_output: website_content
    row_chain:
      assets:
        website_content:
          agent: url
          description: ""Visit the restaurant URL from this search result row""
          type: text
          inputs: [__row__]

  final_summary:
    agent: answerer
    description: ""Compile the latest menu and promotions from all restaurant websites""
    type: table
    inputs: [restaurant_websites]","['answerer', 'brave_search']",5,multi_search_then_fetch,True,
"""Identify the top 10 renewable energy startups, then for each startup, find their latest funding round details and key personnel information.""","assets:
  startup_search:
    agent: brave_search
    description: ""Search for the top renewable energy startups""
    type: table

  funding_round_search:
    agent: brave_search
    description: ""Search for the latest funding round details for renewable energy startups""
    type: table

  key_personnel_search:
    agent: brave_search
    description: ""Search for key personnel information for renewable energy startups""
    type: table

  startup_funding_rounds:
    type: for_each
    description: ""Fetch the latest funding round details for each startup""
    inputs: [startup_search]
    row_output: funding_round_details
    row_chain:
      assets:
        funding_round_details:
          agent: url
          description: ""Visit the URL from this search result row to get funding round details""
          type: text
          inputs: [__row__]

  startup_key_personnel:
    type: for_each
    description: ""Fetch key personnel information for each startup""
    inputs: [startup_search]
    row_output: personnel_info
    row_chain:
      assets:
        personnel_info:
          agent: url
          description: ""Visit the URL from this search result row to get key personnel information""
          type: text
          inputs: [__row__]

  final_summary:
    agent: answerer
    description: ""Combine funding round details and key personnel information for all startups""
    type: table
    inputs: [startup_funding_rounds, startup_key_personnel]","['answerer', 'brave_search']",6,multi_search_then_fetch,True,
"""Identify the top 10 e-commerce websites in the US, then for each site, fetch their latest customer reviews and summarize the overall sentiment.""","assets:
  ecommerce_search_1:
    agent: brave_search
    description: ""Search for the top e-commerce websites in the US""
    type: table

  ecommerce_search_2:
    agent: brave_search
    description: ""Search for popular online shopping platforms in the US""
    type: table

  ecommerce_search_3:
    agent: brave_search
    description: ""Find leading e-commerce sites in the United States""
    type: table

  combined_ecommerce_search:
    type: for_each
    description: ""Combine results from multiple e-commerce search queries""
    inputs: [ecommerce_search_1, ecommerce_search_2, ecommerce_search_3]
    row_output: ecommerce_site_url
    row_chain:
      assets:
        ecommerce_site_url:
          agent: url
          description: ""Fetch the latest customer reviews from each e-commerce site's URL""
          type: text
          inputs: [__row__]

  final_sentiment_analysis:
    agent: answerer
    description: ""Summarize the overall sentiment of customer reviews from all e-commerce sites""
    type: table
    inputs: [ecommerce_site_url]","['answerer', 'brave_search']",5,multi_search_then_fetch,True,
"""Identify the top 10 universities for computer science, and for each university, check their website to find and list their current research projects.""","assets:
  university_search_1:
    agent: brave_search
    description: ""Search for the top universities for computer science""
    type: table

  university_search_2:
    agent: brave_search
    description: ""Search for leading computer science institutions""
    type: table

  university_search_3:
    agent: brave_search
    description: ""Find the best universities for studying computer science""
    type: table

  university_homepages:
    type: for_each
    description: ""Fetch each university's homepage to find their current research projects""
    inputs: [university_search_1, university_search_2, university_search_3]
    row_output: research_projects_content
    row_chain:
      assets:
        research_projects_content:
          agent: url
          description: ""Visit the university's homepage to check for current research projects""
          type: text
          inputs: [__row__]

  final_research_projects:
    agent: answerer
    description: ""Compile a list of current research projects from all universities""
    type: table
    inputs: [university_homepages]","['answerer', 'brave_search']",5,multi_search_then_fetch,True,
"""Identify the top 10 trending health apps, then check each app's website to gather details about their features and user ratings.""","assets:
  health_app_search_1:
    agent: brave_search
    description: ""Search for trending health apps""
    type: table

  health_app_search_2:
    agent: brave_search
    description: ""Search for popular health applications""
    type: table

  health_app_search_3:
    agent: brave_search
    description: ""Search for top rated health apps""
    type: table

  combined_health_app_results:
    type: for_each
    description: ""Combine results from multiple health app searches""
    inputs: [health_app_search_1, health_app_search_2, health_app_search_3]
    row_output: app_url
    row_chain:
      assets:
        app_url:
          agent: url
          description: ""Visit the app's website to gather details about features and user ratings""
          type: text
          inputs: [__row__]

  final_health_app_summary:
    agent: answerer
    description: ""Summarize features and user ratings of the health apps""
    type: table
    inputs: [combined_health_app_results]","['answerer', 'brave_search']",5,multi_search_then_fetch,True,
"""Identify the top 10 bestselling books of the year, then for each book, fetch its author’s biography and recent interviews.""","assets:
  bestselling_books_search:
    agent: brave_search
    description: ""Search for the top 10 bestselling books of the year""
    type: table

  author_biographies_search:
    agent: brave_search
    description: ""Search for authors' biographies of the bestselling books""
    type: table

  author_interviews_search:
    agent: brave_search
    description: ""Search for recent interviews of the authors of the bestselling books""
    type: table

  fetch_author_biographies:
    type: for_each
    description: ""Fetch each author's biography based on search results""
    inputs: [author_biographies_search]
    row_output: biography_content
    row_chain:
      assets:
        biography_content:
          agent: url
          description: ""Visit the URL from this biography search result row""
          type: text
          inputs: [__row__]

  fetch_author_interviews:
    type: for_each
    description: ""Fetch each author's recent interview based on search results""
    inputs: [author_interviews_search]
    row_output: interview_content
    row_chain:
      assets:
        interview_content:
          agent: url
          description: ""Visit the URL from this interview search result row""
          type: text
          inputs: [__row__]

  final_summary:
    agent: answerer
    description: ""Combine all author biographies and interviews into a comprehensive summary""
    type: table
    inputs: [fetch_author_biographies, fetch_author_interviews]","['answerer', 'brave_search']",6,multi_search_then_fetch,True,
"""Identify the top 10 electric vehicle manufacturers, then for each manufacturer check their official website for the latest model releases and specifications.""","assets:
  ev_manufacturers_search:
    agent: brave_search
    description: ""Search for the top electric vehicle manufacturers""
    type: table

  ev_models_search:
    agent: brave_search
    description: ""Search for the latest models released by electric vehicle manufacturers""
    type: table

  manufacturers_homepages:
    type: for_each
    description: ""Fetch each manufacturer's official website to read the latest model releases and specifications""
    inputs: [ev_manufacturers_search]
    row_output: homepage_content
    row_chain:
      assets:
        homepage_content:
          agent: url
          description: ""Visit the URL from this search result row""
          type: text
          inputs: [__row__]

  final_ev_analysis:
    agent: answerer
    description: ""Combine all information about manufacturers and their latest model releases""
    type: table
    inputs: [manufacturers_homepages, ev_models_search]","['answerer', 'brave_search']",4,multi_search_then_fetch,True,
"""Identify the top 10 smartphone brands currently in the market, then for each brand, check their official website for the latest product releases and specifications.""","assets:
  smartphone_brands_search:
    agent: brave_search
    description: ""Search for the top smartphone brands currently in the market""
    type: table

  latest_releases_search:
    agent: brave_search
    description: ""Search for the latest product releases and specifications for smartphones""
    type: table

  smartphone_brands_homepages:
    type: for_each
    description: ""Fetch each smartphone brand's official website to read the latest product releases and specifications""
    inputs: [smartphone_brands_search]
    row_output: homepage_content
    row_chain:
      assets:
        homepage_content:
          agent: url
          description: ""Visit the URL from this search result row""
          type: text
          inputs: [__row__]

  final_synthesis:
    agent: answerer
    description: ""Combine all information about smartphone brands and their latest releases""
    type: table
    inputs: [smartphone_brands_homepages]","['answerer', 'brave_search']",4,multi_search_then_fetch,True,
"""List the top 10 universities for computer science, then for each university, check their website for information on their current research projects and faculty publications.""","assets:
  university_search_1:
    agent: brave_search
    description: ""Search for the top universities for computer science""
    type: table

  university_search_2:
    agent: brave_search
    description: ""Search for rankings of top computer science universities""
    type: table

  university_search_3:
    agent: brave_search
    description: ""Find lists of leading universities in computer science""
    type: table

  university_websites:
    type: for_each
    description: ""Fetch each university's website to gather information on research projects and faculty publications""
    inputs: [university_search_1, university_search_2, university_search_3]
    row_output: website_content
    row_chain:
      assets:
        website_content:
          agent: url
          description: ""Visit the university's URL from the search result row""
          type: text
          inputs: [__row__]

  final_summary:
    agent: answerer
    description: ""Compile the research project and faculty publication information from all university websites""
    type: table
    inputs: [university_websites]","['answerer', 'brave_search']",5,multi_search_then_fetch,True,
"""Identify the top 10 universities offering online degrees in computer science, then visit each university's website to gather information about their specific online programs and admission requirements.""","assets:
  university_search_online_degrees:
    agent: brave_search
    description: ""Search for universities offering online degrees in computer science""
    type: table

  university_search_admission_requirements:
    agent: brave_search
    description: ""Search for admission requirements for online computer science degrees""
    type: table

  university_search_program_details:
    agent: brave_search
    description: ""Search for program details of online computer science degrees""
    type: table

  university_homepages:
    type: for_each
    description: ""Fetch each university's homepage to gather information about their online programs and admission requirements""
    inputs: [university_search_online_degrees]
    row_output: university_info
    row_chain:
      assets:
        university_info:
          agent: url
          description: ""Visit the URL from the university search result row""
          type: text
          inputs: [__row__]

  final_summary:
    agent: answerer
    description: ""Compile all gathered information about universities offering online degrees in computer science""
    type: table
    inputs: [university_homepages, university_search_admission_requirements, university_search_program_details]","['answerer', 'brave_search']",5,multi_search_then_fetch,True,
"""Identify the top 10 universities for computer science in the US, then check each university's official website for their latest research publications.""","assets:
  university_search_1:
    agent: brave_search
    description: ""Search for the top universities for computer science in the US""
    type: table

  university_search_2:
    agent: brave_search
    description: ""Search for best computer science programs in US universities""
    type: table

  university_search_3:
    agent: brave_search
    description: ""Find rankings of top US universities for computer science""
    type: table

  university_homepages:
    type: for_each
    description: ""Fetch each university's official website to read their latest research publications""
    inputs: [university_search_1, university_search_2, university_search_3]
    row_output: homepage_content
    row_chain:
      assets:
        homepage_content:
          agent: url
          description: ""Visit the official website from this search result row""
          type: text
          inputs: [__row__]

  final_publications_summary:
    agent: answerer
    description: ""Summarize the latest research publications from each university's homepage""
    type: table
    inputs: [university_homepages]","['answerer', 'brave_search']",5,multi_search_then_fetch,True,
"""Compile a list of the top 10 highest-grossing movies of 2023, then for each movie, fetch its official website and summarize the plot and cast details.""","assets:
  movie_search_2023:
    agent: brave_search
    description: ""Search for the top 10 highest-grossing movies of 2023""
    type: table

  movie_details_search:
    agent: brave_search
    description: ""Search for official websites of the top movies""
    type: table
    inputs: [movie_search_2023]

  movie_homepages:
    type: for_each
    description: ""Fetch each movie's official website to read its plot and cast details""
    inputs: [movie_details_search]
    row_output: homepage_content
    row_chain:
      assets:
        homepage_content:
          agent: url
          description: ""Visit the URL from this search result row""
          type: text
          inputs: [__row__]

  final_summary:
    agent: answerer
    description: ""Summarize the plot and cast details from all movies' homepages""
    type: table
    inputs: [movie_homepages]","['answerer', 'brave_search']",4,multi_search_then_fetch,True,
"""Identify the top 10 universities in the world for computer science, then for each university, check their official website to see the latest research initiatives and faculty publications.""","assets:
  university_search_1:
    agent: brave_search
    description: ""Search for the top universities in the world for computer science""
    type: table

  university_search_2:
    agent: brave_search
    description: ""Search for the best computer science programs globally""
    type: table

  university_search_3:
    agent: brave_search
    description: ""Find rankings of universities specializing in computer science""
    type: table

  combined_university_search:
    type: for_each
    description: ""Combine the search results into a single table of universities""
    inputs: [university_search_1, university_search_2, university_search_3]
    row_output: university_info
    row_chain:
      assets:
        university_info:
          agent: url
          description: ""Visit the official website of the university to check latest research initiatives and faculty publications""
          type: text
          inputs: [__row__]

  final_report:
    agent: answerer
    description: ""Compile the latest research initiatives and faculty publications for all universities""
    type: table
    inputs: [combined_university_search]","['answerer', 'brave_search']",5,multi_search_then_fetch,True,
"""Find the top 10 travel destinations for 2023, then search for each destination's local cuisine and compile a list of the must-try dishes.""","assets:
  travel_destinations_search:
    agent: brave_search
    description: ""Search for the top travel destinations for 2023""
    type: table

  local_cuisine_search:
    agent: brave_search
    description: ""Search for local cuisine of each travel destination""
    type: table

  travel_destinations_combined:
    type: for_each
    description: ""Fetch the local cuisine for each travel destination""
    inputs: [travel_destinations_search]
    row_output: cuisine_content
    row_chain:
      assets:
        cuisine_content:
          agent: url
          description: ""Visit the URL from this search result row to find local cuisine""
          type: text
          inputs: [__row__]

  must_try_dishes_compilation:
    agent: answerer
    description: ""Compile a list of must-try dishes from each local cuisine""
    type: table
    inputs: [travel_destinations_combined]","['answerer', 'brave_search']",4,multi_search_then_fetch,True,
"""List the top 10 universities in computer science, then check each university's website for their latest research publications.""","assets:
  university_search_cs:
    agent: brave_search
    description: ""Search for the top universities in computer science""
    type: table

  university_search_rankings:
    agent: brave_search
    description: ""Search for university rankings in computer science""
    type: table

  university_homepages:
    type: for_each
    description: ""Fetch each university's homepage to read their latest research publications""
    inputs: [university_search_cs]
    row_output: homepage_content
    row_chain:
      assets:
        homepage_content:
          agent: url
          description: ""Visit the URL from this search result row""
          type: text
          inputs: [__row__]

  final_research_publications:
    agent: answerer
    description: ""Compile the latest research publications from all university homepages""
    type: table
    inputs: [university_homepages]","['answerer', 'brave_search']",4,multi_search_then_fetch,True,
"""Compile a list of the top 10 universities for computer science, then visit each university's website to gather information about their research facilities and faculty members.""","assets:
  university_search_1:
    agent: brave_search
    description: ""Search for the top universities for computer science""
    type: table

  university_search_2:
    agent: brave_search
    description: ""Search for top computer science programs worldwide""
    type: table

  university_search_3:
    agent: brave_search
    description: ""Search for rankings of universities with strong computer science departments""
    type: table

  university_homepages:
    type: for_each
    description: ""Fetch each university's homepage to read about their research facilities and faculty members""
    inputs: [university_search_1, university_search_2, university_search_3]
    row_output: homepage_content
    row_chain:
      assets:
        homepage_content:
          agent: url
          description: ""Visit the URL from the search result row""
          type: text
          inputs: [__row__]

  final_university_info:
    agent: answerer
    description: ""Compile information from all university homepages regarding research facilities and faculty members""
    type: table
    inputs: [university_homepages]","['answerer', 'brave_search']",5,multi_search_then_fetch,True,
"""Compile a list of the top 10 bestselling novels from the last year, then check each author's website for their latest interviews or articles.""","assets:
  bestselling_novels_search:
    agent: brave_search
    description: ""Search for the top 10 bestselling novels from the last year""
    type: table

  author_interviews_search:
    agent: brave_search
    description: ""Search for interviews or articles for each author of the bestselling novels""
    type: table

  combined_author_interviews:
    type: for_each
    description: ""Fetch each author's website for their latest interviews or articles""
    inputs: [bestselling_novels_search]
    row_output: interview_content
    row_chain:
      assets:
        interview_content:
          agent: url
          description: ""Visit the URL from this search result row to find author interviews""
          type: text
          inputs: [__row__]

  final_summary:
    agent: answerer
    description: ""Compile a summary of the top bestselling novels and their authors' latest interviews""
    type: table
    inputs: [combined_author_interviews]","['answerer', 'brave_search']",4,multi_search_then_fetch,True,
"""Identify the top 10 highest-rated restaurants within a 50-mile radius of my location, then visit each restaurant's website to check their current menu offerings.""","assets:
  restaurant_search_high_rated:
    agent: brave_search
    description: ""Search for the top 10 highest-rated restaurants within a 50-mile radius of my location""
    type: table

  restaurant_search_specials:
    agent: brave_search
    description: ""Search for current menu offerings or specials at the top-rated restaurants""
    type: table

  restaurant_homepages:
    type: for_each
    description: ""Fetch each restaurant's website to check their current menu offerings""
    inputs: [restaurant_search_high_rated]
    row_output: menu_content
    row_chain:
      assets:
        menu_content:
          agent: url
          description: ""Visit the URL from this search result row to read the current menu offerings""
          type: text
          inputs: [__row__]

  final_menu_comparison:
    agent: answerer
    description: ""Compare all restaurants based on their current menu offerings""
    type: table
    inputs: [restaurant_homepages]","['answerer', 'brave_search']",4,multi_search_then_fetch,True,
"""Retrieve the top 10 restaurants in New York City, then for each restaurant, check their website for current menus and specials.""","assets:
  restaurant_search_1:
    agent: brave_search
    description: ""Search for the top restaurants in New York City""
    type: table

  restaurant_search_2:
    agent: brave_search
    description: ""Search for best rated restaurants in NYC""
    type: table

  restaurant_search_3:
    agent: brave_search
    description: ""Search for popular dining spots in New York City""
    type: table

  restaurant_urls:
    type: for_each
    description: ""Fetch each restaurant's website to read their menus and specials""
    inputs: [restaurant_search_1, restaurant_search_2, restaurant_search_3]
    row_output: menu_specials_content
    row_chain:
      assets:
        menu_specials_content:
          agent: url
          description: ""Visit the restaurant's URL from this search result row""
          type: text
          inputs: [__row__]

  final_restaurant_info:
    agent: answerer
    description: ""Combine all restaurant information including menus and specials""
    type: table
    inputs: [restaurant_urls]","['answerer', 'brave_search']",5,multi_search_then_fetch,True,
"""Identify the top 10 tourist attractions in Paris, then for each attraction, check their official website for current visiting hours and any COVID-19 restrictions.""","assets:
  paris_tourist_attractions_search:
    agent: brave_search
    description: ""Search for the top tourist attractions in Paris""
    type: table

  paris_attractions_search_2:
    agent: brave_search
    description: ""Search for popular tourist spots in Paris""
    type: table

  paris_attractions_search_3:
    agent: brave_search
    description: ""Search for must-see places in Paris""
    type: table

  combined_paris_attractions:
    type: for_each
    description: ""Combine search results from multiple sources for attractions""
    inputs: [paris_tourist_attractions_search, paris_attractions_search_2, paris_attractions_search_3]
    row_output: attraction_url
    row_chain:
      assets:
        attraction_url:
          agent: url
          description: ""Visit the official website for each attraction to check visiting hours and COVID-19 restrictions""
          type: text
          inputs: [__row__]

  final_summary:
    agent: answerer
    description: ""Summarize the visiting hours and COVID-19 restrictions for each attraction""
    type: table
    inputs: [combined_paris_attractions]","['answerer', 'brave_search']",5,multi_search_then_fetch,True,
"""Identify the top 10 universities in computer science rankings, then for each university, fetch and summarize their latest research publications.""","assets:
  university_rankings_search:
    agent: brave_search
    description: ""Search for the top universities in computer science rankings""
    type: table

  publication_search:
    agent: brave_search
    description: ""Search for latest research publications for each university""
    type: table

  university_homepages:
    type: for_each
    description: ""Fetch each university's homepage to find their research publications""
    inputs: [university_rankings_search]
    row_output: publication_content
    row_chain:
      assets:
        publication_content:
          agent: url
          description: ""Visit the URL from this search result row to read latest research publications""
          type: text
          inputs: [__row__]

  final_summary:
    agent: answerer
    description: ""Summarize the latest research publications from all universities""
    type: table
    inputs: [university_homepages]","['answerer', 'brave_search']",4,multi_search_then_fetch,True,
"""List the top 10 electric vehicle manufacturers, then check each company's website for their latest models and specifications.""","assets:
  ev_manufacturer_search_1:
    agent: brave_search
    description: ""Search for the top electric vehicle manufacturers""
    type: table

  ev_manufacturer_search_2:
    agent: brave_search
    description: ""Search for electric vehicle brands and manufacturers""
    type: table

  ev_manufacturer_search_3:
    agent: brave_search
    description: ""Search for leading electric vehicle companies""
    type: table

  ev_manufacturer_websites:
    type: for_each
    description: ""Fetch each manufacturer's website to check for latest models and specifications""
    inputs: [ev_manufacturer_search_1]  # Assuming we want to iterate over the first search result
    row_output: website_content
    row_chain:
      assets:
        website_content:
          agent: url
          description: ""Visit the manufacturer's website from this search result row""
          type: text
          inputs: [__row__]

  final_ev_comparison:
    agent: answerer
    description: ""Combine all manufacturers' website content to summarize latest models and specifications""
    type: table
    inputs: [ev_manufacturer_websites]","['answerer', 'brave_search']",5,multi_search_then_fetch,True,
"""Identify the top 10 most popular online courses in data science, then visit each course's website to find and summarize user reviews.""","assets:
  course_search_data_science:
    agent: brave_search
    description: ""Search for the top online courses in data science""
    type: table

  course_search_online_learning:
    agent: brave_search
    description: ""Search for popular online learning platforms offering data science courses""
    type: table

  course_search_user_reviews:
    agent: brave_search
    description: ""Search for user reviews of popular data science courses""
    type: table

  course_homepages:
    type: for_each
    description: ""Fetch each course's homepage to find and summarize user reviews""
    inputs: [course_search_data_science]
    row_output: reviews_content
    row_chain:
      assets:
        reviews_content:
          agent: url
          description: ""Visit the URL from the course search result row to read user reviews""
          type: text
          inputs: [__row__]

  final_summary:
    agent: answerer
    description: ""Summarize user reviews for the top online data science courses""
    type: table
    inputs: [course_homepages]","['answerer', 'brave_search']",5,multi_search_then_fetch,True,
"""List the top 10 universities in the world for computer science, then for each university, search for their current research projects and summarize them.""","assets:
  university_search:
    agent: brave_search
    description: ""Search for the top universities in the world for computer science""
    type: table

  university_research_search:
    agent: brave_search
    description: ""Search for current research projects at each university""
    type: table

  university_homepages:
    type: for_each
    description: ""Fetch each university's homepage to read its research projects""
    inputs: [university_search]
    row_output: research_content
    row_chain:
      assets:
        research_content:
          agent: url
          description: ""Visit the URL from this search result row to find research projects""
          type: text
          inputs: [__row__]

  final_summary:
    agent: answerer
    description: ""Summarize the research projects from all universities""
    type: table
    inputs: [university_homepages]","['answerer', 'brave_search']",4,multi_search_then_fetch,True,
"""Identify the top 10 tourist attractions in Paris, then check each attraction's website for current visitor hours and any special events.""","assets:
  tourist_attractions_search:
    agent: brave_search
    description: ""Search for the top tourist attractions in Paris""
    type: table

  attraction_events_search:
    agent: brave_search
    description: ""Search for special events at Paris tourist attractions""
    type: table

  attraction_hours_search:
    agent: brave_search
    description: ""Search for visitor hours at Paris tourist attractions""
    type: table

  attraction_websites:
    type: for_each
    description: ""Fetch each attraction's website to read current visitor hours and special events""
    inputs: [tourist_attractions_search]
    row_output: website_content
    row_chain:
      assets:
        website_content:
          agent: url
          description: ""Visit the URL from this search result row""
          type: text
          inputs: [__row__]

  final_summary:
    agent: answerer
    description: ""Combine information about visitor hours and events from all attractions""
    type: table
    inputs: [attraction_websites, attraction_events_search, attraction_hours_search]","['answerer', 'brave_search']",5,multi_search_then_fetch,True,
"""Compile a list of the top 10 bestselling novels of 2023, then for each book, find and summarize its Goodreads reviews.""","assets:
  bestselling_novels_search:
    agent: brave_search
    description: ""Search for the top 10 bestselling novels of 2023""
    type: table

  goodreads_reviews_search:
    agent: brave_search
    description: ""Search for Goodreads reviews of each bestselling novel""
    type: table

  novel_review_urls:
    type: for_each
    description: ""Fetch Goodreads review URLs for each bestselling novel""
    inputs: [bestselling_novels_search]
    row_output: review_url_content
    row_chain:
      assets:
        review_url_content:
          agent: url
          description: ""Visit the URL from this search result row to fetch reviews""
          type: text
          inputs: [__row__]

  final_reviews_summary:
    agent: answerer
    description: ""Summarize all the Goodreads reviews for the bestselling novels""
    type: table
    inputs: [novel_review_urls]","['answerer', 'brave_search']",4,multi_search_then_fetch,True,
"""List the top 10 universities for computer science, then for each university, check their website for the latest research publications in AI.""","assets:
  university_search_1:
    agent: brave_search
    description: ""Search for the top universities for computer science""
    type: table

  university_search_2:
    agent: brave_search
    description: ""Search for the best computer science programs globally""
    type: table

  university_search_3:
    agent: brave_search
    description: ""Find rankings of universities renowned for computer science research""
    type: table

  combined_university_search:
    type: for_each
    description: ""Combine results from multiple university searches""
    inputs: [university_search_1, university_search_2, university_search_3]
    row_output: university_url
    row_chain:
      assets:
        university_url:
          agent: url
          description: ""Visit the university's website from the search result row""
          type: text
          inputs: [__row__]

  final_publication_summary:
    agent: answerer
    description: ""Summarize the latest research publications in AI from each university's website""
    type: table
    inputs: [combined_university_search]","['answerer', 'brave_search']",5,multi_search_then_fetch,True,
"""Retrieve a list of the top 10 highest-rated restaurants in New York City, then for each restaurant, check their menu online and summarize their signature dishes.""","assets:
  restaurant_search_1:
    agent: brave_search
    description: ""Search for the top rated restaurants in New York City""
    type: table

  restaurant_search_2:
    agent: brave_search
    description: ""Search for the best dining options in NYC""
    type: table

  restaurant_search_3:
    agent: brave_search
    description: ""Search for the highest-rated eateries in New York""
    type: table

  restaurant_menu_fetch:
    type: for_each
    description: ""Fetch each restaurant's menu to summarize their signature dishes""
    inputs: [restaurant_search_1, restaurant_search_2, restaurant_search_3]
    row_output: menu_content
    row_chain:
      assets:
        menu_content:
          agent: url
          description: ""Visit the restaurant's URL from this search result row""
          type: text
          inputs: [__row__]

  final_summary:
    agent: answerer
    description: ""Summarize the signature dishes from all restaurant menus""
    type: table
    inputs: [restaurant_menu_fetch]","['answerer', 'brave_search']",5,multi_search_then_fetch,True,
"""Identify the top 10 smartphone brands of 2023, then for each brand, search for their latest product reviews and summarize the key features highlighted.""","assets:
  smartphone_brands_search:
    agent: brave_search
    description: ""Search for the top smartphone brands of 2023""
    type: table

  smartphone_reviews_search:
    agent: brave_search
    description: ""Search for the latest product reviews for each smartphone brand""
    type: table

  brand_reviews_fetch:
    type: for_each
    description: ""Fetch the latest reviews for each smartphone brand""
    inputs: [smartphone_brands_search]
    row_output: review_content
    row_chain:
      assets:
        review_content:
          agent: url
          description: ""Visit the URL from this search result row to read the latest product reviews""
          type: text
          inputs: [__row__]

  final_summary:
    agent: answerer
    description: ""Summarize the key features highlighted in the reviews""
    type: table
    inputs: [brand_reviews_fetch]","['answerer', 'brave_search']",4,multi_search_then_fetch,True,
"""List the top 10 universities for computer science, then visit each university's website to find their latest faculty research publications.""","assets:
  university_search_cs:
    agent: brave_search
    description: ""Search for the top universities for computer science""
    type: table

  university_search_ranking:
    agent: brave_search
    description: ""Search for university rankings specific to computer science""
    type: table

  university_search_reputation:
    agent: brave_search
    description: ""Search for university reputation in computer science""
    type: table

  university_homepages:
    type: for_each
    description: ""Fetch each university's homepage to find their latest faculty research publications""
    inputs: [university_search_cs]
    row_output: homepage_content
    row_chain:
      assets:
        homepage_content:
          agent: url
          description: ""Visit the university's homepage from the search result row""
          type: text
          inputs: [__row__]

  final_publications_summary:
    agent: answerer
    description: ""Compile and summarize the latest faculty research publications from all universities""
    type: table
    inputs: [university_homepages]","['answerer', 'brave_search']",5,multi_search_then_fetch,True,
"""List the top 10 highest-grossing movies of the year, then for each movie, check its Rotten Tomatoes page to gather the critics' and audience scores.""","assets:
  movies_search:
    agent: brave_search
    description: ""Search for the top 10 highest-grossing movies of the year""
    type: table

  rotton_tomatoes_search:
    agent: brave_search
    description: ""Search for Rotten Tomatoes pages for each movie""
    type: table

  movie_rotten_tomatoes:
    type: for_each
    description: ""Fetch Rotten Tomatoes page for each movie to gather scores""
    inputs: [movies_search]
    row_output: scores_content
    row_chain:
      assets:
        scores_content:
          agent: url
          description: ""Visit the Rotten Tomatoes URL from this search result row""
          type: text
          inputs: [__row__]

  final_scores:
    agent: answerer
    description: ""Compile critics' and audience scores for all movies""
    type: table
    inputs: [movie_rotten_tomatoes]","['answerer', 'brave_search']",4,multi_search_then_fetch,True,
"""List the top 10 best-selling fiction books of the year, then check each book's publisher website for information on upcoming releases and author interviews.""","assets:
  fiction_books_search:
    agent: brave_search
    description: ""Search for the top 10 best-selling fiction books of the year""
    type: table

  publisher_search:
    agent: brave_search
    description: ""Search for the publishers of the best-selling fiction books""
    type: table

  author_interviews_search:
    agent: brave_search
    description: ""Search for author interviews related to the best-selling fiction books""
    type: table

  book_info_fetch:
    type: for_each
    description: ""Fetch each publisher's website for information on upcoming releases and author interviews""
    inputs: [fiction_books_search]
    row_output: publisher_content
    row_chain:
      assets:
        publisher_content:
          agent: url
          description: ""Visit the publisher's website from this search result row""
          type: text
          inputs: [__row__]

  final_summary:
    agent: answerer
    description: ""Combine all information regarding the best-selling fiction books, their publishers, and author interviews""
    type: table
    inputs: [book_info_fetch]","['answerer', 'brave_search']",5,multi_search_then_fetch,True,
"""Identify the top 10 best-selling novels of the year, then for each novel, look up its author and gather their biography and other notable works.""","assets:
  best_selling_novels_search:
    agent: brave_search
    description: ""Search for the top 10 best-selling novels of the year""
    type: table

  authors_search:
    agent: brave_search
    description: ""Search for the authors of the top 10 best-selling novels""
    type: table

  novel_details_fetch:
    type: for_each
    description: ""Fetch each author's biography and notable works""
    inputs: [best_selling_novels_search]
    row_output: author_details
    row_chain:
      assets:
        author_details:
          agent: url
          description: ""Visit the author's page to gather biography and notable works""
          type: text
          inputs: [__row__]

  final_author_comparison:
    agent: answerer
    description: ""Combine all author details into a comprehensive overview""
    type: table
    inputs: [novel_details_fetch]","['answerer', 'brave_search']",4,multi_search_then_fetch,True,
"""List the top 10 universities in the world, then for each university, check their official website for the latest information on their admission requirements.""","assets:
  university_search_1:
    agent: brave_search
    description: ""Search for the top universities in the world""
    type: table

  university_search_2:
    agent: brave_search
    description: ""Search for the best global universities rankings""
    type: table

  university_search_3:
    agent: brave_search
    description: ""Find the top-rated universities worldwide""
    type: table

  university_homepages:
    type: for_each
    description: ""Fetch each university's official website to read their admission requirements""
    inputs: [university_search_1]
    row_output: homepage_content
    row_chain:
      assets:
        homepage_content:
          agent: url
          description: ""Visit the URL from this search result row""
          type: text
          inputs: [__row__]

  final_admission_requirements:
    agent: answerer
    description: ""Compile the latest admission requirements from all university homepages""
    type: table
    inputs: [university_homepages]","['answerer', 'brave_search']",5,multi_search_then_fetch,True,
"""Identify the top 10 smartphone brands in 2023, then for each brand, search for their latest flagship model and gather reviews from reputable tech websites.""","assets:
  smartphone_brands_search:
    agent: brave_search
    description: ""Search for the top smartphone brands in 2023""
    type: table

  flagship_model_search:
    agent: brave_search
    description: ""Search for the latest flagship model for each smartphone brand""
    type: for_each
    inputs: [smartphone_brands_search]
    row_output: flagship_model_results
    row_chain:
      assets:
        flagship_model_results:
          agent: url
          description: ""Visit the URL from this search result row to find flagship model information""
          type: text
          inputs: [__row__]

  reviews_search:
    agent: brave_search
    description: ""Search for reviews of the latest flagship model for each brand""
    type: for_each
    inputs: [flagship_model_search]
    row_output: review_results
    row_chain:
      assets:
        review_results:
          agent: url
          description: ""Visit the URL from this search result row to gather reviews""
          type: text
          inputs: [__row__]

  final_summary:
    agent: answerer
    description: ""Combine all flagship model and review information into a comprehensive summary""
    type: table
    inputs: [flagship_model_results, review_results]","['answerer', 'brave_search']",4,multi_search_then_fetch,True,
"""List the top 10 trending recipes from popular food blogs, then visit each blog to gather nutritional information for those recipes.""","assets:
  recipe_search_1:
    agent: brave_search
    description: ""Search for trending recipes on popular food blogs""
    type: table

  recipe_search_2:
    agent: brave_search
    description: ""Search for trending recipes on another set of popular food blogs""
    type: table

  recipe_search_3:
    agent: brave_search
    description: ""Search for trending recipes on yet another set of popular food blogs""
    type: table

  combined_recipe_search:
    type: for_each
    description: ""Combine the results from multiple search tables""
    inputs: [recipe_search_1, recipe_search_2, recipe_search_3]
    row_output: selected_recipe_url
    row_chain:
      assets:
        selected_recipe_url:
          agent: url
          description: ""Fetch the nutritional information from the selected recipe URL""
          type: text
          inputs: [__row__]

  final_nutritional_info:
    agent: answerer
    description: ""Compile nutritional information from all fetched recipe URLs""
    type: table
    inputs: [combined_recipe_search]","['answerer', 'brave_search']",5,multi_search_then_fetch,True,
"""List the top 10 universities for computer science, then for each university, check their official website for information on available research opportunities.""","assets:
  university_search_1:
    agent: brave_search
    description: ""Search for the top universities for computer science""
    type: table

  university_search_2:
    agent: brave_search
    description: ""Search for the best computer science programs globally""
    type: table

  university_search_3:
    agent: brave_search
    description: ""Find rankings of universities known for computer science""
    type: table

  university_homepages:
    type: for_each
    description: ""Fetch each university's official website to check for research opportunities""
    inputs: [university_search_1, university_search_2, university_search_3]
    row_output: homepage_content
    row_chain:
      assets:
        homepage_content:
          agent: url
          description: ""Visit the URL from this search result row""
          type: text
          inputs: [__row__]

  final_research_opportunities:
    agent: answerer
    description: ""Combine information about research opportunities from all university homepages""
    type: table
    inputs: [university_homepages]","['answerer', 'brave_search']",5,multi_search_then_fetch,True,
"""Identify the top 10 renewable energy startups from recent reports, then for each startup, check their website for details on their latest projects and partnerships.""","assets:
  renewable_energy_startups_search_1:
    agent: brave_search
    description: ""Search for recent reports on renewable energy startups""
    type: table

  renewable_energy_startups_search_2:
    agent: brave_search
    description: ""Search for additional recent reports on renewable energy startups""
    type: table

  renewable_energy_startups_search_3:
    agent: brave_search
    description: ""Search for the latest trends in renewable energy startups""
    type: table

  startup_websites:
    type: for_each
    description: ""Fetch each startup's website for details on their latest projects and partnerships""
    inputs: [renewable_energy_startups_search_1, renewable_energy_startups_search_2, renewable_energy_startups_search_3]
    row_output: website_content
    row_chain:
      assets:
        website_content:
          agent: url
          description: ""Visit the URL from this search result row""
          type: text
          inputs: [__row__]

  final_summary:
    agent: answerer
    description: ""Combine all information about the renewable energy startups and their projects""
    type: table
    inputs: [startup_websites]","['answerer', 'brave_search']",5,multi_search_then_fetch,True,
"""List the top 10 universities in the world for computer science, then check each university's website for their current research initiatives.""","assets:
  university_search:
    agent: brave_search
    description: ""Search for the top universities in the world for computer science""
    type: table

  rankings_search:
    agent: brave_search
    description: ""Search for university rankings specifically for computer science""
    type: table

  university_initiatives:
    type: for_each
    description: ""Fetch each university's website to read their current research initiatives""
    inputs: [university_search]
    row_output: website_content
    row_chain:
      assets:
        website_content:
          agent: url
          description: ""Visit the URL from this search result row""
          type: text
          inputs: [__row__]

  final_summary:
    agent: answerer
    description: ""Summarize the research initiatives of the top universities""
    type: table
    inputs: [university_initiatives]","['answerer', 'brave_search']",4,multi_search_then_fetch,True,
"""Identify the top 10 universities for computer science, then for each university, look for their latest research output and summarize the key findings.""","assets:
  university_search_1:
    agent: brave_search
    description: ""Search for the top universities for computer science""
    type: table

  university_search_2:
    agent: brave_search
    description: ""Search for the best computer science programs globally""
    type: table

  university_search_3:
    agent: brave_search
    description: ""Find rankings of universities for computer science research""
    type: table

  combined_university_search:
    type: for_each
    description: ""Combine results from multiple university search tables""
    inputs: [university_search_1, university_search_2, university_search_3]
    row_output: university_url
    row_chain:
      assets:
        university_url:
          agent: url
          description: ""Fetch the latest research output for each university""
          type: text
          inputs: [__row__]

  final_summary:
    agent: answerer
    description: ""Summarize key findings from the latest research outputs of universities""
    type: table
    inputs: [combined_university_search]","['answerer', 'brave_search']",5,multi_search_then_fetch,True,
"""Compile a list of the top 10 trending topics on social media this week, then for each topic, search for the latest articles and summarize the key points from each.""","assets:
  trending_topics_search:
    agent: brave_search
    description: ""Search for the top trending topics on social media this week""
    type: table

  articles_search:
    agent: brave_search
    description: ""Search for the latest articles related to each trending topic""
    type: table
    inputs: [trending_topics_search]

  articles_fetch:
    type: for_each
    description: ""Fetch each article's content to summarize key points""
    inputs: [articles_search]
    row_output: article_content
    row_chain:
      assets:
        article_content:
          agent: url
          description: ""Visit the URL from this article search result row""
          type: text
          inputs: [__row__]

  final_summary:
    agent: answerer
    description: ""Summarize the key points from all article contents""
    type: table
    inputs: [articles_fetch]","['answerer', 'brave_search']",4,multi_search_then_fetch,True,
"""Compile a list of the top 10 universities for computer science, then for each university, check their website for the current research projects and faculty publications.""","assets:
  university_search_1:
    agent: brave_search
    description: ""Search for the top universities for computer science""
    type: table

  university_search_2:
    agent: brave_search
    description: ""Search for the best computer science programs in universities""
    type: table

  university_search_3:
    agent: brave_search
    description: ""Find rankings of universities with strong computer science departments""
    type: table

  top_universities:
    type: for_each
    description: ""Fetch each university's website to read about current research projects and faculty publications""
    inputs: [university_search_1, university_search_2, university_search_3]
    row_output: university_website_content
    row_chain:
      assets:
        university_website_content:
          agent: url
          description: ""Visit the university URL from this search result row""
          type: text
          inputs: [__row__]

  final_university_summary:
    agent: answerer
    description: ""Compile the research projects and faculty publications from the university pages""
    type: table
    inputs: [top_universities]","['answerer', 'brave_search']",5,multi_search_then_fetch,True,
"""List the top 10 universities in Europe for computer science, then check each university's official website for their current research projects.""","assets:
  university_search_europe_cs:
    agent: brave_search
    description: ""Search for the top universities in Europe for computer science""
    type: table

  university_search_ranking:
    agent: brave_search
    description: ""Search for university rankings specifically for computer science in Europe""
    type: table

  university_research_projects:
    type: for_each
    description: ""Fetch each university's official website to check for current research projects""
    inputs: [university_search_europe_cs]
    row_output: research_projects_content
    row_chain:
      assets:
        research_projects_content:
          agent: url
          description: ""Visit the university's official website from this search result row""
          type: text
          inputs: [__row__]

  final_university_projects:
    agent: answerer
    description: ""Compile and summarize the current research projects from each university""
    type: table
    inputs: [university_research_projects]","['answerer', 'brave_search']",4,multi_search_then_fetch,True,
"""Identify the top 10 renewable energy startups, then for each startup, look for their latest funding round information and summarize the details.""","assets:
  startup_search:
    agent: brave_search
    description: ""Search for the top renewable energy startups""
    type: table

  startup_details:
    type: for_each
    description: ""Fetch each startup's latest funding round information""
    inputs: [startup_search]
    row_output: funding_info
    row_chain:
      assets:
        funding_info:
          agent: url
          description: ""Visit the URL from this search result row to find funding information""
          type: text
          inputs: [__row__]
        
        funding_summary:
          agent: brave_search
          description: ""Search for the latest funding round details based on the startup name""
          type: table
          inputs: [__row__]

  final_summary:
    agent: answerer
    description: ""Summarize the funding details for all startups""
    type: table
    inputs: [startup_details]","['answerer', 'brave_search']",3,deep_per_row,True,
"""List the top 10 largest cities in the world by population, then for each city, look up its current mayor and their recent initiatives.""","assets:
  city_population_search:
    agent: brave_search
    description: ""Search for the top 10 largest cities in the world by population""
    type: table

  mayor_search:
    type: for_each
    description: ""Look up the current mayor and their recent initiatives for each city""
    inputs: [city_population_search]
    row_output: mayor_details
    row_chain:
      assets:
        mayor_details:
          agent: url
          description: ""Fetch the URL for the city to find its current mayor""
          type: text
          inputs: [__row__]
        initiatives_search:
          agent: brave_search
          description: ""Search for recent initiatives of the current mayor""
          type: table
          inputs: [__row__]

  final_report:
    agent: answerer
    description: ""Synthesize the mayors and their initiatives for each city""
    type: table
    inputs: [mayor_search]","['answerer', 'brave_search']",3,deep_per_row,True,
"""Retrieve a list of the top 10 restaurants in New York City, then for each restaurant, check their website for the latest menu and available reservations.""","assets:
  restaurant_search:
    agent: brave_search
    description: ""Search for the top 10 restaurants in New York City""
    type: table

  restaurant_details:
    type: for_each
    description: ""Fetch each restaurant's website for the latest menu and available reservations""
    inputs: [restaurant_search]
    row_output: website_content
    row_chain:
      assets:
        website_content:
          agent: url
          description: ""Visit the restaurant's website from this search result row""
          type: text
          inputs: [__row__]

        menu_search:
          agent: brave_search
          description: ""Search for the latest menu and reservations based on the restaurant's website""
          type: table
          inputs: [__row__]

  final_summary:
    agent: answerer
    description: ""Compile the latest menu and reservations information for all restaurants""
    type: table
    inputs: [restaurant_details]","['answerer', 'brave_search']",3,deep_per_row,True,
"""Compile a list of the top 10 universities for computer science, then visit each university's website to gather information about their graduate programs and application requirements.""","assets:
  university_search:
    agent: brave_search
    description: ""Search for the top 10 universities for computer science""
    type: table

  university_details:
    type: for_each
    description: ""Visit each university's website to gather information about their graduate programs and application requirements""
    inputs: [university_search]
    row_output: website_content
    row_chain:
      assets:
        website_content:
          agent: url
          description: ""Fetch the university's website URL from the search result row""
          type: text
          inputs: [__row__]
        
        additional_info_search:
          agent: brave_search
          description: ""Search for more details about the university's graduate programs and application requirements""
          type: table
          inputs: [__row__]

  final_summary:
    agent: answerer
    description: ""Synthesize the information about graduate programs and application requirements from all universities""
    type: table
    inputs: [university_details]","['answerer', 'brave_search']",3,deep_per_row,True,
"""Compile a list of the top 10 online retailers, then visit each retailer's website to gather their seasonal promotions and discounts.""","assets:
  retailer_search:
    agent: brave_search
    description: ""Search for the top 10 online retailers""
    type: table

  retailer_details:
    type: for_each
    description: ""Visit each retailer's website to gather their seasonal promotions and discounts""
    inputs: [retailer_search]
    row_output: promotions_content
    row_chain:
      assets:
        promotions_content:
          agent: url
          description: ""Visit the URL from this search result row to gather promotions""
          type: text
          inputs: [__row__]
        
        additional_details:
          agent: brave_search
          description: ""Search for more details on the promotions found""
          type: table
          inputs: [promotions_content]

  final_summary:
    agent: answerer
    description: ""Compile and summarize the promotions and discounts from all retailers""
    type: table
    inputs: [retailer_details]","['answerer', 'brave_search']",3,deep_per_row,True,
"""Retrieve the top 10 restaurants in New York City, then for each restaurant, check their menu and customer reviews on their website.""","assets:
  restaurant_search:
    agent: brave_search
    description: ""Search for the top 10 restaurants in New York City""
    type: table

  restaurant_details:
    type: for_each
    description: ""Fetch each restaurant's menu and customer reviews from their website""
    inputs: [restaurant_search]
    row_output: restaurant_info
    row_chain:
      assets:
        restaurant_info:
          agent: url
          description: ""Visit the restaurant's URL from this search result row to fetch menu and reviews""
          type: text
          inputs: [__row__]
        additional_info:
          agent: brave_search
          description: ""Search for additional details about the restaurant based on the fetched information""
          type: table
          inputs: [restaurant_info]

  final_summary:
    agent: answerer
    description: ""Synthesize the information gathered about the restaurants""
    type: table
    inputs: [restaurant_details]","['answerer', 'brave_search']",3,deep_per_row,True,
"""Identify the top 10 universities for computer science, then for each university, check their official website to find their current research funding initiatives.""","assets:
  university_search:
    agent: brave_search
    description: ""Search for the top 10 universities for computer science""
    type: table

  university_websites:
    type: for_each
    description: ""Fetch each university's official website to check their research funding initiatives""
    inputs: [university_search]
    row_output: website_content
    row_chain:
      assets:
        website_content:
          agent: url
          description: ""Visit the URL from this search result row""
          type: text
          inputs: [__row__]
        
        funding_initiatives:
          agent: brave_search
          description: ""Search for current research funding initiatives for the university from the fetched website""
          type: table
          inputs: [__row__]

  final_analysis:
    agent: answerer
    description: ""Synthesize the findings on research funding initiatives from all universities""
    type: table
    inputs: [university_websites]","['answerer', 'brave_search']",3,deep_per_row,True,
"""Compile a list of the top 10 tourist attractions in Paris, then for each attraction, check their official website for current visitor information and ticket prices.""","assets:
  paris_attractions_search:
    agent: brave_search
    description: ""Search for the top 10 tourist attractions in Paris""
    type: table

  attraction_details:
    type: for_each
    description: ""Fetch the official website for each attraction and gather visitor information and ticket prices""
    inputs: [paris_attractions_search]
    row_output: attraction_info
    row_chain:
      assets:
        official_website:
          agent: url
          description: ""Visit the official website from this search result row""
          type: text
          inputs: [__row__]
        additional_info:
          agent: brave_search
          description: ""Search for current visitor information and ticket prices based on the attraction""
          type: table
          inputs: [official_website]

  final_summary:
    agent: answerer
    description: ""Compile a comprehensive list of visitor information and ticket prices for each attraction""
    type: table
    inputs: [attraction_details]",[],0,deep_per_row,False,for_each 'attraction_details' row_output 'attraction_info' not in row_chain
"""Extract the names of the top 10 universities in the world, then for each university, search their official website for information on their latest research publications.""","assets:
  university_search:
    agent: brave_search
    description: ""Search for the top 10 universities in the world""
    type: table

  university_homepages:
    type: for_each
    description: ""Fetch each university's official website to read information on their latest research publications""
    inputs: [university_search]
    row_output: publications_content
    row_chain:
      assets:
        publications_content:
          agent: url
          description: ""Visit the URL from this search result row to extract latest research publications""
          type: text
          inputs: [__row__]
        
        additional_info:
          agent: brave_search
          description: ""Search for more details about the latest research publications from the fetched university homepage""
          type: table
          inputs: [__row__]

  final_summary:
    agent: answerer
    description: ""Synthesize information on the latest research publications from all universities""
    type: table
    inputs: [university_homepages]","['answerer', 'brave_search']",3,deep_per_row,True,
"""Search for the latest smartphone models released this year, then for each model, visit the manufacturer's website to gather key specifications and pricing information.""","assets:
  smartphone_search:
    agent: brave_search
    description: ""Search for the latest smartphone models released this year""
    type: table

  smartphone_details:
    type: for_each
    description: ""Visit the manufacturer's website for each smartphone model to gather specifications and pricing""
    inputs: [smartphone_search]
    row_output: specifications_content
    row_chain:
      assets:
        specifications_content:
          agent: url
          description: ""Fetch the URL from this search result row""
          type: text
          inputs: [__row__]
        additional_details:
          agent: brave_search
          description: ""Search for more details about the smartphone model based on the specifications""
          type: table
          inputs: [__row__]

  final_summary:
    agent: answerer
    description: ""Compile all specifications and details for the latest smartphone models""
    type: table
    inputs: [smartphone_details]","['answerer', 'brave_search']",3,deep_per_row,True,
"""Compile a list of the top 10 restaurants in New York City, then for each restaurant, check their website for the latest menu and special offers.""","assets:
  restaurant_search:
    agent: brave_search
    description: ""Search for the top 10 restaurants in New York City""
    type: table

  restaurant_details:
    type: for_each
    description: ""Fetch each restaurant's website and search for their latest menu and special offers""
    inputs: [restaurant_search]
    row_output: restaurant_info
    row_chain:
      assets:
        website_content:
          agent: url
          description: ""Visit the restaurant's website from this search result row""
          type: text
          inputs: [__row__]
        menu_search:
          agent: brave_search
          description: ""Search for the latest menu and special offers for the restaurant""
          type: table
          inputs: [__row__]

  final_summary:
    agent: answerer
    description: ""Compile the latest menu and special offers for all restaurants""
    type: table
    inputs: [restaurant_details]",[],0,deep_per_row,False,for_each 'restaurant_details' row_output 'restaurant_info' not in row_chain
"""Identify the top 10 fastest-growing startups in the e-commerce sector, then for each startup, check their website to see the products they are currently offering.""","assets:
  ecommerce_startup_search:
    agent: brave_search
    description: ""Search for the top 10 fastest-growing startups in the e-commerce sector""
    type: table

  startup_details:
    type: for_each
    description: ""Fetch each startup's website and find details about their products""
    inputs: [ecommerce_startup_search]
    row_output: product_offerings
    row_chain:
      assets:
        website_content:
          agent: url
          description: ""Visit the URL from this search result row to read the startup's offerings""
          type: text
          inputs: [__row__]
        additional_details:
          agent: brave_search
          description: ""Search for more details about the startup based on the website content""
          type: table
          inputs: [website_content]

  final_summary:
    agent: answerer
    description: ""Synthesize the product offerings and additional details of the startups""
    type: table
    inputs: [startup_details]",[],0,deep_per_row,False,for_each 'startup_details' row_output 'product_offerings' not in row_chain
"""Search for the top 10 tourist attractions in Paris, then visit each attraction's official website to check their current visitor guidelines.""","assets:
  tourist_attractions_search:
    agent: brave_search
    description: ""Search for the top 10 tourist attractions in Paris""
    type: table

  attraction_websites:
    type: for_each
    description: ""Visit each attraction's official website to check their current visitor guidelines""
    inputs: [tourist_attractions_search]
    row_output: website_content
    row_chain:
      assets:
        website_content:
          agent: url
          description: ""Visit the URL from this search result row""
          type: text
          inputs: [__row__]
        guidelines_search:
          agent: brave_search
          description: ""Search for current visitor guidelines for the attraction""
          type: table
          inputs: [__row__]

  final_guidelines:
    agent: answerer
    description: ""Synthesize the visitor guidelines for all attractions""
    type: table
    inputs: [attraction_websites]","['answerer', 'brave_search']",3,deep_per_row,True,
"""Identify the top 10 bestselling books from the last year, then for each book, check its author’s website for upcoming events and releases.""","assets:
  bestselling_books_search:
    agent: brave_search
    description: ""Search for the top 10 bestselling books from the last year""
    type: table

  book_author_websites:
    type: for_each
    description: ""Check each book's author's website for upcoming events and releases""
    inputs: [bestselling_books_search]
    row_output: author_events
    row_chain:
      assets:
        author_events:
          agent: url
          description: ""Visit the author's website URL from this search result row""
          type: text
          inputs: [__row__]
        author_details_search:
          agent: brave_search
          description: ""Search for more details about upcoming events and releases based on author's website content""
          type: table
          inputs: [author_events]

  final_summary:
    agent: answerer
    description: ""Synthesize the information gathered about the bestselling books and their authors' upcoming events and releases""
    type: table
    inputs: [book_author_websites]","['answerer', 'brave_search']",3,deep_per_row,True,
"""Search for the top 10 online education platforms, then for each platform, check their website for the latest courses and summarize the offerings.""","assets:
  education_platform_search:
    agent: brave_search
    description: ""Search for the top 10 online education platforms""
    type: table

  platform_homepages:
    type: for_each
    description: ""Fetch each platform's homepage to read its latest courses""
    inputs: [education_platform_search]
    row_output: homepage_content
    row_chain:
      assets:
        homepage_content:
          agent: url
          description: ""Visit the URL from this search result row""
          type: text
          inputs: [__row__]
        
        course_details_search:
          agent: brave_search
          description: ""Search for the latest courses offered by the platform""
          type: table
          inputs: [__row__]

  final_summary:
    agent: answerer
    description: ""Summarize the latest courses offered by each platform""
    type: table
    inputs: [platform_homepages]","['answerer', 'brave_search']",3,deep_per_row,True,
"""Identify the top 10 e-commerce websites for electronics, then for each website, check their product categories and summarize the best-selling items.""","assets:
  ecommerce_search:
    agent: brave_search
    description: ""Search for the top 10 e-commerce websites for electronics""
    type: table

  product_categories:
    type: for_each
    description: ""Fetch product categories for each e-commerce website and summarize best-selling items""
    inputs: [ecommerce_search]
    row_output: category_summary
    row_chain:
      assets:
        category_summary:
          agent: url
          description: ""Visit the URL from this search result row to get product categories""
          type: text
          inputs: [__row__]
        
        best_selling_items:
          agent: brave_search
          description: ""Search for best-selling items in the product categories found""
          type: table
          inputs: [__row__]

  final_summary:
    agent: answerer
    description: ""Summarize the best-selling items from all e-commerce websites""
    type: table
    inputs: [product_categories]","['answerer', 'brave_search']",3,deep_per_row,True,
"""Retrieve the top 10 restaurants in New York City, then for each restaurant, check their Yelp page for the latest customer reviews.""","assets:
  restaurant_search:
    agent: brave_search
    description: ""Search for the top 10 restaurants in New York City""
    type: table

  restaurant_reviews:
    type: for_each
    description: ""Fetch the Yelp page for each restaurant and look for the latest customer reviews""
    inputs: [restaurant_search]
    row_output: yelp_reviews_content
    row_chain:
      assets:
        yelp_reviews_content:
          agent: url
          description: ""Visit the Yelp page from this search result row""
          type: text
          inputs: [__row__]
        additional_reviews_search:
          agent: brave_search
          description: ""Search for the latest customer reviews based on the Yelp page content""
          type: table
          inputs: [yelp_reviews_content]

  final_reviews_summary:
    agent: answerer
    description: ""Synthesize the latest customer reviews for all restaurants""
    type: table
    inputs: [restaurant_reviews]","['answerer', 'brave_search']",3,deep_per_row,True,
"""Retrieve a list of the top 10 global fashion brands, then visit each brand's official website to gather information on their latest collections.""","assets:
  fashion_brands_search:
    agent: brave_search
    description: ""Search for the top 10 global fashion brands""
    type: table

  fashion_brands_details:
    type: for_each
    description: ""Visit each brand's official website to gather information on their latest collections""
    inputs: [fashion_brands_search]
    row_output: brand_info
    row_chain:
      assets:
        brand_info:
          agent: url
          description: ""Fetch the official website's URL from this search result row""
          type: text
          inputs: [__row__]
        brand_latest_collections:
          agent: brave_search
          description: ""Search for the latest collections on the brand's official website""
          type: table
          inputs: [__row__]

  final_synthesis:
    agent: answerer
    description: ""Synthesize the information on the latest collections from all brands""
    type: table
    inputs: [fashion_brands_details]","['answerer', 'brave_search']",3,deep_per_row,True,
"""List the top 10 tourist destinations in Europe, then for each destination, check their official tourism website for the latest travel guidelines and attractions.""","assets:
  tourist_destinations_search:
    agent: brave_search
    description: ""Search for the top 10 tourist destinations in Europe""
    type: table

  destination_guidelines:
    type: for_each
    description: ""Fetch each destination's official tourism website and get the latest travel guidelines and attractions""
    inputs: [tourist_destinations_search]
    row_output: guidelines_content
    row_chain:
      assets:
        guidelines_content:
          agent: url
          description: ""Visit the URL from this search result row to fetch travel guidelines""
          type: text
          inputs: [__row__]
        additional_details:
          agent: brave_search
          description: ""Search for more details about the destination based on the URL found""
          type: table
          inputs: [__row__]

  final_synthesis:
    agent: answerer
    description: ""Synthesize the travel guidelines and additional details for all destinations""
    type: table
    inputs: [destination_guidelines]","['answerer', 'brave_search']",3,deep_per_row,True,
"""Search for the top-rated restaurants in New York City, then visit each restaurant's website to check their current menu and hours of operation.""","assets:
  restaurant_search:
    agent: brave_search
    description: ""Search for the top-rated restaurants in New York City""
    type: table

  restaurant_details:
    type: for_each
    description: ""Visit each restaurant's website to check their current menu and hours of operation""
    inputs: [restaurant_search]
    row_output: website_content
    row_chain:
      assets:
        website_content:
          agent: url
          description: ""Fetch the restaurant's website URL from the search result row""
          type: text
          inputs: [__row__]
        menu_hours_search:
          agent: brave_search
          description: ""Search for the current menu and hours of operation based on the restaurant's website""
          type: table
          inputs: [__row__]

  final_summary:
    agent: answerer
    description: ""Synthesize the information about restaurant menus and hours of operation""
    type: table
    inputs: [restaurant_details]","['answerer', 'brave_search']",3,deep_per_row,True,
"""Retrieve the top 10 universities for computer science, then for each university, visit their program page and list the key faculty members and their research areas.""","assets:
  university_search:
    agent: brave_search
    description: ""Search for the top 10 universities for computer science""
    type: table

  university_program_pages:
    type: for_each
    description: ""Fetch each university's program page to list key faculty members and their research areas""
    inputs: [university_search]
    row_output: program_page_content
    row_chain:
      assets:
        program_page_content:
          agent: url
          description: ""Visit the URL from this search result row to fetch the program page""
          type: text
          inputs: [__row__]
        faculty_details:
          agent: brave_search
          description: ""Search for key faculty members and their research areas based on the program page""
          type: table
          inputs: [program_page_content]

  final_summary:
    agent: answerer
    description: ""Compile a summary of key faculty members and their research areas from all program pages""
    type: table
    inputs: [university_program_pages]","['answerer', 'brave_search']",3,deep_per_row,True,
"""Compile a list of the top 10 most visited tourist attractions worldwide, then for each attraction, find their official website and check for visitor reviews.""","assets:
  tourist_attraction_search:
    agent: brave_search
    description: ""Search for the top 10 most visited tourist attractions worldwide""
    type: table

  attraction_details:
    type: for_each
    description: ""Fetch each attraction's official website and reviews""
    inputs: [tourist_attraction_search]
    row_output: review_content
    row_chain:
      assets:
        official_website:
          agent: url
          description: ""Visit the official website from this search result row""
          type: text
          inputs: [__row__]
        visitor_reviews:
          agent: brave_search
          description: ""Search for visitor reviews based on the attraction's name""
          type: table
          inputs: [__row__]

  final_summary:
    agent: answerer
    description: ""Compile a comprehensive summary of attractions with their websites and reviews""
    type: table
    inputs: [attraction_details]",[],0,deep_per_row,False,for_each 'attraction_details' row_output 'review_content' not in row_chain
"""Identify the top 10 best-selling books of the year, then for each book, look up the author's official website and gather their latest interviews or blog posts.""","assets:
  best_selling_books_search:
    agent: brave_search
    description: ""Search for the top 10 best-selling books of the year""
    type: table

  author_websites_and_interviews:
    type: for_each
    description: ""Fetch each author's official website and gather their latest interviews or blog posts""
    inputs: [best_selling_books_search]
    row_output: author_interview_content
    row_chain:
      assets:
        author_website:
          agent: url
          description: ""Visit the author's official website from this search result row""
          type: text
          inputs: [__row__]
        latest_interviews:
          agent: brave_search
          description: ""Search for the latest interviews or blog posts of the author based on their official website""
          type: table
          inputs: [__row__]

  final_synthesis:
    agent: answerer
    description: ""Synthesize information about authors and their latest interviews or blog posts""
    type: table
    inputs: [author_websites_and_interviews]",[],0,deep_per_row,False,for_each 'author_websites_and_interviews' row_output 'author_interview_content' not in row_chain
"""Identify the top 10 organic skincare brands, then for each brand, check their website for product reviews and summarize the feedback.""","assets:
  skincare_brands_search:
    agent: brave_search
    description: ""Search for the top 10 organic skincare brands""
    type: table

  skincare_brands_details:
    type: for_each
    description: ""Fetch each brand's website for product reviews and summarize the feedback""
    inputs: [skincare_brands_search]
    row_output: brand_reviews
    row_chain:
      assets:
        brand_reviews:
          agent: url
          description: ""Visit the URL from this search result row to find product reviews""
          type: text
          inputs: [__row__]
        additional_reviews:
          agent: brave_search
          description: ""Search for more details and reviews on the brand based on the fetched URL content""
          type: table
          inputs: [__row__]

  final_summary:
    agent: answerer
    description: ""Summarize the feedback from all brands based on the collected reviews""
    type: table
    inputs: [skincare_brands_details]","['answerer', 'brave_search']",3,deep_per_row,True,
"""Locate the top 10 online education platforms, then visit each platform's website to gather information about their course offerings and pricing.""","assets:
  education_platforms_search:
    agent: brave_search
    description: ""Search for the top online education platforms""
    type: table

  platform_details:
    type: for_each
    description: ""Visit each platform's website to gather information about their course offerings and pricing""
    inputs: [education_platforms_search]
    row_output: platform_info
    row_chain:
      assets:
        platform_info:
          agent: url
          description: ""Visit the URL from this search result row to gather course offerings and pricing""
          type: text
          inputs: [__row__]
        additional_info:
          agent: brave_search
          description: ""Search for more details about the platform based on the content gathered""
          type: table
          inputs: [platform_info]

  final_summary:
    agent: answerer
    description: ""Synthesize the gathered information about the online education platforms""
    type: table
    inputs: [platform_details]","['answerer', 'brave_search']",3,deep_per_row,True,
"""Compile a list of the top 10 online retailers, then for each retailer, check their website for information on their sustainability practices.""","assets:
  retailer_search:
    agent: brave_search
    description: ""Search for the top online retailers""
    type: table

  retailer_info:
    type: for_each
    description: ""Fetch each retailer's website and search for sustainability practices""
    inputs: [retailer_search]
    row_output: sustainability_details
    row_chain:
      assets:
        retailer_homepage:
          agent: url
          description: ""Visit the URL from this search result row to get the homepage content""
          type: text
          inputs: [__row__]
        sustainability_search:
          agent: brave_search
          description: ""Search for sustainability practices information based on the retailer's homepage""
          type: table
          inputs: [__row__]

  final_summary:
    agent: answerer
    description: ""Synthesize the sustainability practices of all retailers""
    type: table
    inputs: [retailer_info]",[],0,deep_per_row,False,for_each 'retailer_info' row_output 'sustainability_details' not in row_chain
"""Compile a list of the top 10 restaurants in New York City, then visit each restaurant's website to gather their current menu offerings and pricing.""","assets:
  restaurant_search:
    agent: brave_search
    description: ""Search for the top 10 restaurants in New York City""
    type: table

  restaurant_details:
    type: for_each
    description: ""Fetch each restaurant's website to gather their current menu offerings and pricing""
    inputs: [restaurant_search]
    row_output: menu_content
    row_chain:
      assets:
        menu_content:
          agent: url
          description: ""Visit the URL from this search result row to gather menu offerings""
          type: text
          inputs: [__row__]
        additional_info:
          agent: brave_search
          description: ""Search for more details about the restaurant based on its website""
          type: table
          inputs: [__row__]

  final_summary:
    agent: answerer
    description: ""Compile the gathered menu offerings and pricing into a final list""
    type: table
    inputs: [restaurant_details]","['answerer', 'brave_search']",3,deep_per_row,True,
"""Retrieve a list of the top 10 travel blogs, then for each blog, visit their homepage and gather information about their latest travel guides.""","assets:
  travel_blog_search:
    agent: brave_search
    description: ""Search for the top travel blogs""
    type: table

  travel_blog_details:
    type: for_each
    description: ""Visit each blog's homepage to gather information about their latest travel guides""
    inputs: [travel_blog_search]
    row_output: blog_homepage_content
    row_chain:
      assets:
        blog_homepage_content:
          agent: url
          description: ""Fetch the homepage URL from the search result row""
          type: text
          inputs: [__row__]
        
        latest_travel_guides:
          agent: brave_search
          description: ""Search for the latest travel guides on the blog's homepage""
          type: table
          inputs: [__row__]

  final_summary:
    agent: answerer
    description: ""Synthesize the information from all travel blogs regarding their latest travel guides""
    type: table
    inputs: [travel_blog_details]","['answerer', 'brave_search']",3,deep_per_row,True,
"""Retrieve the top 10 universities in computer science rankings, then for each university, find their latest research publications by visiting their official research pages.""","assets:
  university_search:
    agent: brave_search
    description: ""Search for the top 10 universities in computer science rankings""
    type: table

  university_research_pages:
    type: for_each
    description: ""Visit each university's official research page to find latest research publications""
    inputs: [university_search]
    row_output: research_page_content
    row_chain:
      assets:
        research_page_content:
          agent: url
          description: ""Fetch the URL from this search result row to read the research page""
          type: text
          inputs: [__row__]
        latest_research:
          agent: brave_search
          description: ""Search for the latest research publications based on the university's research page""
          type: table
          inputs: [__row__]

  final_synthesis:
    agent: answerer
    description: ""Synthesize the latest research publications from all universities""
    type: table
    inputs: [university_research_pages]","['answerer', 'brave_search']",3,deep_per_row,True,
"""Compile a list of the top 10 small businesses in my city, then for each business, find their Yelp page and summarize their customer reviews.""","assets:
  business_search:
    agent: brave_search
    description: ""Search for the top 10 small businesses in my city""
    type: table

  business_details:
    type: for_each
    description: ""Fetch each business's Yelp page and summarize customer reviews""
    inputs: [business_search]
    row_output: reviews_summary
    row_chain:
      assets:
        yelp_page:
          agent: url
          description: ""Visit the URL for the Yelp page of the business""
          type: text
          inputs: [__row__]
        reviews_summary:
          agent: brave_search
          description: ""Search for customer reviews based on the Yelp page content""
          type: table
          inputs: [yelp_page]

  final_summary:
    agent: answerer
    description: ""Compile a summary of customer reviews for all businesses""
    type: table
    inputs: [business_details]","['answerer', 'brave_search']",3,deep_per_row,True,
"""Retrieve a list of all top-rated restaurants in New York City, then for each restaurant, check their website for current menus and any special events they may be hosting.""","assets:
  restaurant_search:
    agent: brave_search
    description: ""Search for top-rated restaurants in New York City""
    type: table

  restaurant_details:
    type: for_each
    description: ""Fetch each restaurant's website and check for current menus and special events""
    inputs: [restaurant_search]
    row_output: website_content
    row_chain:
      assets:
        website_content:
          agent: url
          description: ""Visit the restaurant's URL to read its current menus and events""
          type: text
          inputs: [__row__]
        event_search:
          agent: brave_search
          description: ""Search for any special events hosted by the restaurant based on the website content""
          type: table
          inputs: [website_content]

  final_summary:
    agent: answerer
    description: ""Compile a summary of menus and events for all top-rated restaurants""
    type: table
    inputs: [restaurant_details]","['answerer', 'brave_search']",3,deep_per_row,True,
"""Compile a list of the top 10 universities in the world, then for each university, check their official website for the latest research initiatives.""","assets:
  university_search:
    agent: brave_search
    description: ""Search for the top 10 universities in the world""
    type: table

  university_websites:
    type: for_each
    description: ""Fetch each university's official website to check for research initiatives""
    inputs: [university_search]
    row_output: website_content
    row_chain:
      assets:
        website_content:
          agent: url
          description: ""Visit the URL from this search result row""
          type: text
          inputs: [__row__]
        
        research_initiatives_search:
          agent: brave_search
          description: ""Search for latest research initiatives at the university based on the website content""
          type: table
          inputs: [__row__]

  final_summary:
    agent: answerer
    description: ""Compile and summarize the research initiatives for each university""
    type: table
    inputs: [university_websites]","['answerer', 'brave_search']",3,deep_per_row,True,
"""Retrieve the latest patents from the top 10 biotechnology firms, then for each patent, search for any related news articles that discuss its implications.""","assets:
  biotech_firm_patent_search:
    agent: brave_search
    description: ""Search for the latest patents from the top 10 biotechnology firms""
    type: table

  patent_details:
    type: for_each
    description: ""For each patent, fetch the URL and search for related news articles""
    inputs: [biotech_firm_patent_search]
    row_output: news_article_search
    row_chain:
      assets:
        patent_url:
          agent: url
          description: ""Fetch the URL for the patent from the search result""
          type: text
          inputs: [__row__]
        
        news_article_search:
          agent: brave_search
          description: ""Search for news articles discussing the implications of the patent""
          type: table
          inputs: [__row__]

  final_synthesis:
    agent: answerer
    description: ""Synthesize the information from all patents and their related news articles""
    type: table
    inputs: [patent_details]","['answerer', 'brave_search']",3,deep_per_row,True,
"""List the top 10 restaurants in New York City, then for each restaurant, check their menu on their website and look for any recent reviews.""","assets:
  restaurant_search:
    agent: brave_search
    description: ""Search for the top 10 restaurants in New York City""
    type: table

  restaurant_details:
    type: for_each
    description: ""Fetch each restaurant's menu and recent reviews""
    inputs: [restaurant_search]
    row_output: restaurant_info
    row_chain:
      assets:
        menu_content:
          agent: url
          description: ""Visit the restaurant's website to read its menu""
          type: text
          inputs: [__row__]
        recent_reviews:
          agent: brave_search
          description: ""Search for recent reviews on the restaurant""
          type: table
          inputs: [__row__]

  final_summary:
    agent: answerer
    description: ""Compile the menu and reviews for each restaurant""
    type: table
    inputs: [restaurant_details]",[],0,deep_per_row,False,for_each 'restaurant_details' row_output 'restaurant_info' not in row_chain
"""List the top 10 e-commerce platforms, then for each platform, look for recent user reviews and summarize the feedback.""","assets:
  ecommerce_platform_search:
    agent: brave_search
    description: ""Search for the top 10 e-commerce platforms""
    type: table

  platform_reviews:
    type: for_each
    description: ""Fetch recent user reviews for each e-commerce platform""
    inputs: [ecommerce_platform_search]
    row_output: review_content
    row_chain:
      assets:
        review_content:
          agent: url
          description: ""Visit the URL from this search result row to fetch recent user reviews""
          type: text
          inputs: [__row__]
        detailed_reviews:
          agent: brave_search
          description: ""Search for more detailed reviews based on the platform name""
          type: table
          inputs: [__row__]

  final_summary:
    agent: answerer
    description: ""Summarize the feedback from user reviews and detailed reviews""
    type: table
    inputs: [platform_reviews]","['answerer', 'brave_search']",3,deep_per_row,True,
"""Retrieve a list of the top 10 universities for computer science, then for each university, check their official website for information on their latest research projects.""","assets:
  university_search:
    agent: brave_search
    description: ""Search for the top 10 universities for computer science""
    type: table

  university_websites:
    type: for_each
    description: ""Fetch each university's official website to read about their latest research projects""
    inputs: [university_search]
    row_output: website_content
    row_chain:
      assets:
        website_content:
          agent: url
          description: ""Visit the URL from this search result row""
          type: text
          inputs: [__row__]
          
        research_details:
          agent: brave_search
          description: ""Search for the latest research projects at the university's official website""
          type: table
          inputs: [__row__]

  final_research_summary:
    agent: answerer
    description: ""Synthesize information about the latest research projects from each university""
    type: table
    inputs: [university_websites]","['answerer', 'brave_search']",3,deep_per_row,True,
"""Gather a list of the top 10 universities known for their engineering programs, then for each university, search their website for information about their current research projects.""","assets:
  university_search:
    agent: brave_search
    description: ""Search for the top 10 universities known for their engineering programs""
    type: table

  university_websites:
    type: for_each
    description: ""Fetch each university's website to find information about their current research projects""
    inputs: [university_search]
    row_output: research_project_info
    row_chain:
      assets:
        research_project_info:
          agent: url
          description: ""Visit the URL from this search result row to find research projects""
          type: text
          inputs: [__row__]
        
        additional_details:
          agent: brave_search
          description: ""Search for more details about current research projects based on the university's website""
          type: table
          inputs: [__row__]

  final_summary:
    agent: answerer
    description: ""Compile and synthesize information about current research projects from all universities""
    type: table
    inputs: [university_websites]","['answerer', 'brave_search']",3,deep_per_row,True,
"""Compile a list of the top 10 tourist attractions in Paris, then for each attraction, find their official website and summarize the visitor information.""","assets:
  tourist_attractions_search:
    agent: brave_search
    description: ""Search for the top 10 tourist attractions in Paris""
    type: table

  attractions_details:
    type: for_each
    description: ""Fetch each attraction's official website and summarize visitor information""
    inputs: [tourist_attractions_search]
    row_output: attraction_summary
    row_chain:
      assets:
        official_website:
          agent: url
          description: ""Visit the URL from this search result row to get the official website""
          type: text
          inputs: [__row__]
        visitor_info:
          agent: brave_search
          description: ""Search for visitor information based on the official website""
          type: table
          inputs: [official_website]

  final_summary:
    agent: answerer
    description: ""Compile a summary of visitor information for each attraction""
    type: table
    inputs: [attractions_details]",[],0,deep_per_row,False,for_each 'attractions_details' row_output 'attraction_summary' not in row_chain
"""Compile a list of the top 10 trending recipes from various food blogs, then for each recipe, check the blog for user reviews and comments.""","assets:
  recipe_search:
    agent: brave_search
    description: ""Search for the top 10 trending recipes from various food blogs""
    type: table

  recipe_details:
    type: for_each
    description: ""Fetch user reviews and comments for each recipe""
    inputs: [recipe_search]
    row_output: recipe_reviews
    row_chain:
      assets:
        recipe_reviews:
          agent: url
          description: ""Visit the URL from this search result row to fetch user reviews""
          type: text
          inputs: [__row__]
        additional_comments:
          agent: brave_search
          description: ""Search for more details about user reviews based on the fetched content""
          type: table
          inputs: [recipe_reviews]

  final_summary:
    agent: answerer
    description: ""Compile and synthesize all user reviews and comments for the recipes""
    type: table
    inputs: [recipe_details]","['answerer', 'brave_search']",3,deep_per_row,True,
"""Retrieve the top 10 restaurants in New York City, then visit each restaurant's website to gather their current menu and special offers.""","assets:
  restaurant_search:
    agent: brave_search
    description: ""Search for the top 10 restaurants in New York City""
    type: table

  restaurant_details:
    type: for_each
    description: ""Visit each restaurant's website to gather their current menu and special offers""
    inputs: [restaurant_search]
    row_output: restaurant_info
    row_chain:
      assets:
        restaurant_info:
          agent: url
          description: ""Fetch the restaurant's website from the search result""
          type: text
          inputs: [__row__]
        menu_and_offers:
          agent: brave_search
          description: ""Search for the current menu and special offers of the restaurant""
          type: table
          inputs: [restaurant_info]

  final_summary:
    agent: answerer
    description: ""Synthesize the information about the restaurants, menus, and special offers""
    type: table
    inputs: [restaurant_details]","['answerer', 'brave_search']",3,deep_per_row,True,
